plant_id,treatment,plant_pos,root_mass,shoot_mass,date,total_nodules,mean_weight,replicate,batch,elapsed_dpi,RG,ShootRG,SEff,investment,Fix,T3SS,Abundance,Co_effectivity,Single_effectivity,AreaMM,dryMass
131_1,131,22,32.1,94.7,2019-06-17,36,1.811111,1,1,73,8.174053182917,7.94963273871983,111.2875,0.514195552050473,+,+,+,Effective,,102.9,12.6944823632372
131_10,131,20,20.1,71.4,2019-05-31,39,0.841667,10,2,50,5.89846897663175,5.99370409233998,75.9875,0.35874331147541,+,+,+,Effective,,61.4,5.18431740020167
131_2,131,323,4.8,28.7,2019-05-15,12,1.47,2,1,40,2.15954875100725,2.40923399790136,17.9875,0.526567164179105,+,+,+,Effective,,24.3,2.42181581673315
131_3,131,24,8.9,23.9,2019-06-01,30,2.25,3,1,57,2.11442385173247,2.00629590766002,17.2875,2.05792682926829,+,+,+,Effective,,50.6,4.21771606292179
131_4,131,89,35.6,106,2019-05-29,62,1.3,4,1,54,9.12812248186946,8.89821615949633,126.0875,0.569209039548023,+,+,+,Effective,,105.4,8.8662132698643
131_5,131,78,NA,NA,2019-06-18,30,1.486667,5,1,74,NA,NA,NA,NA,+,+,+,Effective,,79.2,9.39339601335108
131_6,131,317,70.2,234.3,2019-06-18,45,3.548837,6,2,68,19.6293311845286,19.6684155299056,288.9875,0.524458669950739,+,+,+,Effective,,155.9,20.8040005291499
131_7,131,270,35,72.7,2019-06-18,28,2.603571,7,2,68,6.94278807413376,6.10283315844701,92.1875,0.676880111420613,+,+,+,Effective,,106,14.5726176128027
131_8,131,207,20.9,74,2019-05-30,34,1.64,8,2,49,6.11764705882353,6.21196222455404,79.3875,0.587565858798735,+,+,+,Effective,,61.2,5.47740757791932
131_9,131,243,31.7,172.3,2019-06-17,31,4.654839,9,2,67,13.1506849315068,14.4637985309549,188.4875,0.707352985294118,+,+,+,Effective,,151.9,22.3851154140435
131+156_1,131+156,28,2.7,5.2,2019-05-09,5,1.84,1,1,34,0.509266720386785,0.436516264428122,-7.6125,1.16455696202532,+/+,++,++,Effective,Effective-Effective,16,2.07227592744203
131+156_10,131+156,285,15.7,48,2019-05-31,40,0.97,10,2,50,4.10636583400483,4.02938090241343,48.1875,0.609105180533752,+/+,++,++,Effective,Effective-Effective,59.8,4.23620138389719
131+156_2,131+156,69,18.6,81.3,2019-06-05,27,NA,2,1,61,6.43996776792909,6.82476390346275,84.3875,NA,+/+,++,++,Effective,Effective-Effective,96.4,12.9999683125329
131+156_3,131+156,211,4.1,19,2019-05-06,16,0.57,3,1,31,1.48912167606769,1.59496327387198,7.5875,0.394805194805195,+/+,++,++,Effective,Effective-Effective,16.1,0.279312119560378
131+156_4,131+156,31,2.7,5.2,2019-05-09,8,0.6625,4,1,34,0.509266720386785,0.436516264428122,-7.6125,0.670886075949367,+/+,++,++,Effective,Effective-Effective,12.2,0.89067255608374
131+156_5,131+156,316,6.8,28,2019-05-15,18,1.03,5,1,40,2.2433521353747,2.3504721930745,19.2875,0.532758620689655,+/+,++,++,Effective,Effective-Effective,45.1,5.19809545835894
131+156_6,131+156,232,3.3,9.2,2019-05-10,11,0.8,6,2,29,0.8058017727639,0.772298006295908,-3.0125,0.704,+/+,++,++,Effective,Effective-Effective,16.1,1.10252147907179
131+156_7,131+156,310,16.3,65.4,2019-06-04,26,1.44,7,2,54,5.26672038678485,5.4900314795383,66.1875,0.458261933904529,+/+,++,++,Effective,Effective-Effective,49.8,4.73150928618325
131+156_8,131+156,157,24.8,96.7,2019-06-04,50,0.57,8,2,54,7.83239323126511,8.11752360965373,105.9875,0.234567901234568,+/+,++,++,Effective,Effective-Effective,86.6,7.43972052052139
131+156_9,131+156,241,4.1,6.6,2019-05-10,18,0.43,9,2,29,0.689766317485898,0.554039874081847,-4.8125,0.723364485981308,+/+,++,++,Effective,Effective-Effective,20.3,0.710093263581093
131+184_1,131+184,328,4.3,5.5,2019-05-15,0,0,1,1,40,0.631748589846898,0.461699895068206,-5.7125,0,+/+,++,++,Ineffective,Effective-Effective,NA,NA
131+184_10,131+184,84,4.4,20.2,2019-05-21,8,1.075,10,2,40,1.58581788879936,1.69569779643232,9.0875,0.349593495934959,+/+,++,++,Ineffective,Effective-Effective,14.7,1.34309213217022
131+184_3,131+184,200,1.2,1.2,2019-05-20,0,0,3,1,45,0.154713940370669,0.100734522560336,-13.1125,0,+/+,++,++,Ineffective,Effective-Effective,NA,NA
131+184_4,131+184,282,2.3,6.1,2019-05-28,3,0.0667,4,1,53,0.541498791297341,0.512067156348374,-7.1125,0.0238214285714286,+/+,++,++,Ineffective,Effective-Effective,1.9,-0.150086737881127
131+184_5,131+184,91,7.6,25,2019-05-28,5,6.92,5,1,53,2.10153102336825,2.09863588667366,17.0875,1.06134969325153,+/+,++,++,Ineffective,Effective-Effective,32.5,5.05824512961278
131+184_6,131+184,169,3.8,9.6,2019-05-13,13,0.42,6,2,32,0.863819500402901,0.805876180482686,-2.1125,0.407462686567164,+/+,++,++,Ineffective,Effective-Effective,15.3,0.793105342821839
131+184_7,131+184,308,5.4,16,2019-06-04,10,2.18,7,2,54,1.3795326349718,1.34312696747114,5.8875,1.01869158878505,+/+,++,++,Ineffective,Effective-Effective,30.8,3.92739045836256
131+184_8,131+184,37,6,12.8,2019-05-31,8,1.5625,8,2,50,1.21192586623691,1.07450157397692,3.2875,0.664893617021277,+/+,++,++,Ineffective,Effective-Effective,16,1.57835031173518
131+184_9,131+184,277,2.2,8.1,2019-05-28,5,1.54,9,2,47,0.663980660757454,0.679958027282267,-5.2125,0.74757281553398,+/+,++,++,Ineffective,Effective-Effective,20.6,2.90472794744115
131+187_1,131+187,149,23.4,77.1,2019-06-03,32,3.73,1,1,59,6.47864625302176,6.47219307450157,84.9875,1.18766169154229,+/-,+-,++,Effective,Effective-Ineffective,90.4,11.0909519704139
131+187_10,131+187,252,1.2,4,2019-05-09,6,0.516667,10,2,28,0.335213537469782,0.335781741867786,-10.3125,0.596154230769231,+/-,+-,++,Effective,Effective-Ineffective,6.5,0.18843966641114
131+187_2,131+187,82,30.9,113.3,2019-05-29,48,2.65,2,1,54,9.29572925060435,9.51101783840504,128.6875,0.882108183079057,+/-,+-,++,Effective,Effective-Ineffective,103.4,10.6446219437248
131+187_3,131+187,175,24.8,64.4,2019-06-05,39,1.83,3,1,61,5.75020145044319,5.40608604407135,73.6875,0.800112107623318,+/-,+-,++,Effective,Effective-Ineffective,85,8.96123258275116
131+187_4,131+187,329,13.3,35,2019-05-15,26,1.57,4,1,40,3.11361804995971,2.93809024134313,32.7875,0.845134575569358,+/-,+-,++,Effective,Effective-Ineffective,54.3,5.54586452313891
131+187_5,131+187,121,24.9,53.5,2019-06-14,31,1.56,5,1,70,5.05398871877518,4.49108079748164,62.8875,0.616836734693877,+/-,+-,++,Effective,Effective-Ineffective,72.3,7.98007611145012
131+187_7,131+187,180,4.3,13.9,2019-05-13,5,3.06,7,2,32,1.17324738114424,1.16684155299056,2.6875,0.840659340659341,+/-,+-,++,Effective,Effective-Ineffective,13.9,1.69224348352939
131+187_8,131+187,224,12.7,48.6,2019-05-30,35,0.71,8,2,49,3.95165189363417,4.0797481636936,45.7875,0.405383360522023,+/-,+-,++,Effective,Effective-Ineffective,42,1.8381833616729
131+187_9,131+187,344,3.4,14.6,2019-05-14,11,1.6,9,2,33,1.16035455278002,1.22560335781742,2.4875,0.977777777777778,+/-,+-,++,Effective,Effective-Ineffective,20.4,1.88068314994053
131+200_1,131+200,64,47.4,154.6,2019-06-11,46,1.638095,1,1,67,13.0217566478646,12.9779643231899,186.4875,0.373031534653465,+/-,++,+-,Effective,Effective-Ineffective,137.3,17.2733570111643
131+200_10,131+200,49,1.4,4.5,2019-05-09,4,0.025,10,2,28,0.380338436744561,0.377754459601259,-9.6125,0.0169491525423729,+/-,++,+-,Effective,Effective-Ineffective,5.8,0.391045928911493
131+200_2,131+200,326,6.8,20.9,2019-05-15,18,0.74,2,1,40,1.7856567284448,1.75445960125918,12.1875,0.48086642599278,+/-,++,+-,Effective,Effective-Ineffective,35.8,3.51509463531725
131+200_3,131+200,202,1.5,9,2019-05-06,16,0.46,3,1,31,0.676873489121676,0.755508919202518,-5.0125,0.700952380952381,+/-,++,+-,Effective,Effective-Ineffective,12.1,-0.444559202177984
131+200_4,131+200,322,8.8,28.7,2019-05-15,28,0.84,4,1,40,2.4174053182917,2.40923399790136,21.9875,0.6272,+/-,++,+-,Effective,Effective-Ineffective,55.2,5.37945182672547
131+200_5,131+200,364,35.1,167.8,2019-06-11,31,3.718519,5,1,67,13.0797743755036,14.0860440713536,187.3875,0.568132523410547,+/-,++,+-,Effective,Effective-Ineffective,106,14.2433338689981
131+200_6,131+200,347,1.6,3.3,2019-05-14,6,0.716667,6,2,33,0.315874294923449,0.277019937040923,-10.6125,0.877551428571429,+/-,++,+-,Effective,Effective-Ineffective,13.5,1.45521447945327
131+200_7,131+200,60,2.1,2.3,2019-05-10,5,0.24,7,2,29,0.283642224012893,0.193074501573977,-11.1125,0.272727272727273,+/-,++,+-,Effective,Effective-Ineffective,4.3,-0.0450476886426762
131+200_8,131+200,271,0.7,1.7,2019-05-09,1,NA,8,2,28,0.154713940370669,0.142707240293809,-13.1125,NA,+/-,++,+-,Effective,Effective-Ineffective,0.8,-0.0198676075546107
131+200_9,131+200,74,9.4,23.8,2019-06-13,14,3.03,9,2,63,2.14020950846092,1.99790136411333,17.6875,1.27771084337349,+/-,++,+-,Effective,Effective-Ineffective,44.7,5.78427581379424
156_1,156,188,10.4,14.7,2019-06-19,33,0.836667,1,1,75,1.61804995970991,1.23399790136411,9.5875,1.10000043824701,+,+,+,Effective,,NA,NA
156_10,156,59,7.6,24.4,2019-05-29,13,2.43,10,2,48,2.06285253827558,2.04826862539349,16.4875,0.9871875,+,+,+,Effective,,28.4,2.99914204961269
156_2,156,203,NA,NA,2019-05-07,13,0.28,2,1,32,NA,NA,NA,NA,+,+,+,Effective,,7.7,-0.58225016848105
156_3,156,122,21,35.3,2019-06-19,41,1.05,3,1,75,3.62933118452861,2.96327387198321,40.7875,0.764653641207815,+,+,+,Effective,,83.5,8.36049709329471
156_4,156,103,6.3,14.8,2019-06-19,22,1.17,4,1,75,1.36019339242546,1.24239244491081,5.5875,1.21990521327014,+,+,+,Effective,,37.1,3.09178532727308
156_5,156,138,7.4,21.8,2019-05-30,25,0.945455,5,1,55,1.88235294117647,1.83001049317943,13.6875,0.809464897260274,+,+,+,Effective,,48.2,4.60660262939019
156_6,156,112,16.3,25.7,2019-06-17,56,1.180357,6,2,67,2.7074939564867,2.15739769150052,26.4875,1.57380933333333,+,+,+,Effective,,96.4,8.22535402736668
156_7,156,244,4.3,10.1,2019-05-30,14,0.863636,7,2,49,0.928283642224013,0.847848898216159,-1.1125,0.839646111111111,+,+,+,Effective,,18.6,1.55494105515827
156_8,156,314,18.9,41.5,2019-06-17,41,1.968293,8,2,67,3.89363416599516,3.48373557187828,44.8875,1.33609293046358,+,+,+,Effective,,107.9,12.7761121558987
156_9,156,107,12,19.3,2019-06-19,25,2.13,9,2,69,2.01772763900081,1.62014690451207,15.7875,1.70127795527157,+,+,+,Effective,,48.2,4.60660262939019
156+184_1,156+184,260,16,84.2,2019-05-30,7,2.457143,1,1,55,6.45930701047542,7.06820566631689,84.6875,0.171656696606786,+/-,++,++,Ineffective,Effective-Effective,17,1.92396001407206
156+184_10,156+184,120,8.2,20.3,2019-06-05,34,1.66,10,2,55,1.83722804190169,1.70409233997901,12.9875,1.98035087719298,+/-,++,++,Ineffective,Effective-Effective,53.7,4.28479072156217
156+184_3,156+184,324,5.7,17.5,2019-05-16,18,1.32,3,1,41,1.4955680902498,1.46904512067156,7.6875,1.02413793103448,+/-,++,++,Ineffective,Effective-Effective,34.7,3.3160300218392
156+184_4,156+184,304,18.3,60.2,2019-05-15,32,1.43,4,1,40,5.06043513295729,5.05351521511018,62.9875,0.582929936305733,+/-,++,++,Ineffective,Effective-Effective,64.1,6.3314980299842
156+184_5,156+184,21,3.8,9.3,2019-05-07,12,0.3,5,1,32,0.844480257856567,0.780692549842602,-2.4125,0.274809160305344,+/-,++,++,Ineffective,Effective-Effective,8.7,-0.40128233804646
156+184_6,156+184,231,1.1,2.6,2019-05-10,10,0.28,6,2,29,0.238517324738114,0.218258132214061,-11.8125,0.756756756756757,+/-,++,++,Ineffective,Effective-Effective,8.3,-0.144385726415729
156+184_7,156+184,193,6,6.3,2019-05-14,9,NA,7,2,33,0.792908944399678,0.528856243441763,-3.2125,NA,+/-,++,++,Ineffective,Effective-Effective,13.3,0.925095297659507
156+184_8,156+184,47,2.6,2.7,2019-05-09,8,0.325,8,2,28,0.341659951651894,0.226652675760756,-10.2125,0.490566037735849,+/-,++,++,Ineffective,Effective-Effective,7.2,-0.0141665960892128
156+184_9,156+184,141,5.4,22.8,2019-06-03,23,1.83,9,2,53,1.81788879935536,1.91395592864638,12.6875,1.49255319148936,+/-,++,++,Ineffective,Effective-Effective,39.8,3.41575659754419
156+200_1,156+200,274,3.6,6.9,2019-05-16,11,1.16,1,1,41,0.676873489121676,0.579223504721931,-5.0125,1.2152380952381,+/-,++,+-,Ineffective,Effective-Ineffective,23.6,2.45978020733122
156+200_10,156+200,228,2.5,5.7,2019-05-22,11,0.65,10,2,41,0.528605962933118,0.478488982161595,-7.3125,0.871951219512195,+/-,++,+-,Ineffective,Effective-Ineffective,13.9,0.704392252115695
156+200_2,156+200,104,3.7,9.2,2019-05-22,22,1.95,2,1,47,0.831587429492345,0.772298006295908,-2.6125,3.32558139534884,+/-,++,+-,Ineffective,Effective-Ineffective,28.4,1.51736520249214
156+200_3,156+200,70,13.9,36.8,2019-06-05,53,2.82,3,1,61,3.26833199033038,3.08919202518363,35.1875,2.94792899408284,+/-,++,+-,Ineffective,Effective-Ineffective,73.5,4.5751163261214
156+200_4,156+200,43,8.6,25.3,2019-05-30,28,1.96,4,1,55,2.1853344077357,2.12381951731375,18.3875,1.6188790560472,+/-,++,+-,Ineffective,Effective-Ineffective,41.9,3.1372215538477
156+200_5,156+200,230,5,5.9,2019-05-06,11,0.99,5,1,31,0.702659145850121,0.495278069254984,-4.6125,0.99908256880734,+/-,++,+-,Ineffective,Effective-Ineffective,17.4,1.33777965863676
156+200_6,156+200,159,7.8,19.4,2019-06-03,23,1.04,6,2,53,1.75342465753425,1.62854144805876,11.6875,0.879411764705882,+/-,++,+-,Ineffective,Effective-Ineffective,44.6,4.28440218363023
156+200_7,156+200,337,5.6,11.2,2019-05-14,16,1.45,7,2,33,1.08299758259468,0.940188877229801,1.2875,1.38095238095238,+/-,++,+-,Ineffective,Effective-Ineffective,NA,NA
156+200_8,156+200,137,5.3,13.2,2019-05-22,17,0.91,8,2,41,1.19258662369057,1.10807974816369,2.9875,0.836216216216216,+/-,++,+-,Ineffective,Effective-Ineffective,22,1.18238044722218
156+200_9,156+200,68,4.5,7.7,2019-05-29,23,0.56,9,2,48,0.786462530217566,0.646379853095488,-3.3125,1.05573770491803,+/-,++,+-,Ineffective,Effective-Ineffective,24.1,0.903845403525688
184_1,184,44,38.3,145.4,2019-06-17,49,1.84898,1,1,73,11.8420628525383,12.205666316894,168.1875,0.493195536200327,+,+,+,Effective,,119.3,13.5220104476348
184_10,184,235,16.7,79.9,2019-06-17,22,1.463636,10,2,67,6.22723609991942,6.70724029380902,81.0875,0.333333250517598,+,+,+,Effective,,51.6,5.71581886857465
184_2,184,113,56.5,179.9,2019-06-18,38,1.076316,2,1,74,15.2393231265109,15.1017838405037,220.8875,0.173011878172589,+,+,+,Effective,,71.2,6.95780213846066
184_3,184,160,62.5,212.8,2019-06-18,53,1.716,3,1,74,17.7469782433521,17.8635886673662,259.7875,0.33035960770069,+,+,+,Effective,,116,12.2662491195915
184_4,184,351,10.2,43,2019-05-30,22,1.394737,4,1,55,3.42949234488316,3.6096537250787,37.6875,0.576770939849624,+,+,+,Effective,,45.9,4.68430223509748
184_5,184,286,7.1,17.1,2019-05-17,20,1.06,5,1,42,1.56003223207091,1.43546694648479,8.6875,0.87603305785124,+,+,+,Effective,,39.1,3.78300473194683
184_6,184,16,10,16,2019-06-19,18,1.266667,6,2,69,1.67606768734891,1.34312696747114,10.4875,0.876923307692308,+,+,+,Effective,,33,3.00838471010039
184_7,184,57,11.7,39.6,2019-05-29,23,1.305,7,2,48,3.30701047542305,3.32423924449108,35.7875,0.585087719298246,+,+,+,Effective,,41.2,3.8337534320549
184_8,184,161,4.8,8,2019-06-19,17,0.72,8,2,69,0.825141015310234,0.671563483735572,-2.7125,0.95625,+,+,+,Effective,,27.7,2.21389708069935
184_9,184,117,12.5,49.6,2019-05-28,29,1.019231,9,2,47,4.00322320709106,4.16369359916055,46.5875,0.475969388083736,+,+,+,Effective,,49.3,4.14709975525911
184+200_1,184+200,223,4.1,7.5,2019-06-06,2,2.5,1,1,62,0.747784045124899,0.629590766002099,-3.9125,0.431034482758621,+/-,++,+-,Effective,Effective-Ineffective,5.2,0.611748974455305
184+200_10,184+200,40,30.5,84.4,2019-05-30,49,0.84,10,2,49,7.40692989524577,7.08499475341028,99.3875,0.35822454308094,+/-,++,+-,Effective,Effective-Ineffective,66,3.87642508547111
184+200_2,184+200,293,2.6,2.9,2019-05-16,0,0,2,1,41,0.354552780016116,0.243441762854145,-10.0125,0,+/-,++,+-,Effective,Effective-Ineffective,NA,NA
184+200_3,184+200,8,4.5,4.8,2019-05-06,NA,0,3,1,31,0.599516518936342,0.402938090241343,-6.2125,NA,+/-,++,+-,Effective,Effective-Ineffective,NA,NA
184+200_4,184+200,229,4.8,3.6,2019-05-06,NA,0,4,1,31,0.541498791297341,0.302203567681007,-7.1125,NA,+/-,++,+-,Effective,Effective-Ineffective,NA,NA
184+200_5,184+200,46,5.6,4.5,2019-05-30,0,0,5,1,55,0.651087832393231,0.377754459601259,-5.4125,0,+/-,++,+-,Effective,Effective-Ineffective,NA,NA
184+200_6,184+200,349,2.8,11.2,2019-05-15,10,0.81,6,2,34,0.902497985495568,0.940188877229801,-1.5125,0.578571428571429,+/-,++,+-,Effective,Effective-Ineffective,15.1,1.08619552053949
184+200_7,184+200,197,2.2,4.7,2019-05-14,4,0.475,7,2,33,0.444802578565673,0.394543546694649,-8.6125,0.27536231884058,+/-,++,+-,Effective,Effective-Ineffective,2.9,-0.13376077934882
184+200_8,184+200,139,45.9,139.1,2019-06-05,59,1.69,8,2,55,11.9258662369057,11.6768100734523,169.4875,0.538972972972973,+/-,++,+-,Effective,Effective-Ineffective,135.4,14.7891737986089
184+200_9,184+200,114,38,129.9,2019-06-05,50,3.34,9,2,55,10.8235294117647,10.9045120671563,152.3875,0.994639666468136,+/-,++,+-,Effective,Effective-Ineffective,133.9,15.9994989000775
186_1,186,283,4,12.1,2019-06-01,16,0.661538,1,1,57,1.0378726833199,1.01573976915005,0.5875,0.657429068322981,-,+,-,Ineffective,,22.2,1.54785775711366
186_10,186,212,4.2,10.4,2019-06-01,19,0.775,10,2,51,0.941176470588235,0.873032528856243,-0.9125,1.00856164383562,-,+,-,Ineffective,,26.3,1.96054211809092
186_2,186,19,3.6,11.7,2019-06-17,10,1.62,2,1,73,0.986301369863014,0.982161594963274,-0.2125,1.05882352941176,-,+,-,Ineffective,,27.9,3.40258375010225
186_3,186,88,16.2,31.8,2019-06-19,33,1.312903,3,1,75,3.09427880741338,2.6694648478489,32.4875,0.9026208125,-,+,-,Ineffective,,67.4,6.76404999851606
186_4,186,360,8.5,13.7,2019-06-19,24,0.77619,4,1,75,1.43110394842869,1.15005246589717,6.6875,0.839124324324324,-,+,-,Ineffective,,35.1,2.40056592259933
186_5,186,220,1.9,3.2,2019-06-14,3,1.7,5,1,70,0.328767123287671,0.268625393494229,-10.4125,1,-,+,-,Ineffective,,8,0.953817027769876
186_6,186,25,6.4,14.7,2019-05-31,22,2.1,6,2,50,1.36019339242546,1.23399790136411,5.5875,2.18957345971564,-,+,-,Ineffective,,40.6,3.72517273379415
186_7,186,268,22.2,47,2019-06-18,50,1.293617,7,2,68,4.46091861402095,3.94543546694648,53.6875,0.93469436416185,-,+,-,Ineffective,,109.8,11.6381741866039
186_8,186,191,4.7,11.5,2019-06-17,7,0.6,8,2,67,1.04431909750201,0.965372507869885,0.687499999999998,0.259259259259259,-,+,-,Ineffective,,8.4,0.367636672334579
186_9,186,219,5.7,10.8,2019-06-17,12,1.075,9,2,67,1.06365834004835,0.906610703043022,0.987499999999999,0.781818181818182,-,+,-,Ineffective,,25.2,2.58468686412429
186+131_1,186+131,267,15.6,58.3,2019-05-30,10,3.57,1,1,55,4.76390008058018,4.89401888772298,58.3875,0.483085250338295,+/-,++,+-,Effective,Effective-Ineffective,38.3,5.28464918662199
186+131_10,186+131,343,3.5,8,2019-05-14,7,0.985714,10,2,33,0.741337630942788,0.671563483735572,-4.0125,0.599999826086957,+/-,++,+-,Effective,Effective-Ineffective,11.9,1.00102407885565
186+131_2,186+131,269,9.1,28.8,2019-05-30,18,2.13,2,1,55,2.44319097502014,2.41762854144806,22.3875,1.01160949868074,+/-,++,+-,Effective,Effective-Ineffective,33.9,3.17125575749152
186+131_3,186+131,183,16.9,46,2019-06-06,20,3.25,3,1,62,4.05479452054794,3.86149003147954,47.3875,1.03338632750397,+/-,++,+-,Effective,Effective-Ineffective,59.9,7.54713560498631
186+131_4,186+131,321,7.1,17.1,2019-05-15,13,1.05,4,1,40,1.56003223207091,1.43546694648479,8.6875,0.564049586776859,+/-,++,+-,Effective,Effective-Ineffective,31.3,3.52394875787301
186+131_5,186+131,299,7.9,17,2019-05-17,11,1.42,5,1,42,1.60515713134569,1.42707240293809,9.3875,0.627309236947791,+/-,++,+-,Effective,Effective-Ineffective,29.8,3.58178075602569
186+131_6,186+131,127,6.5,16.9,2019-05-22,11,1.65,6,2,41,1.50846091861402,1.4186778593914,7.8875,0.775641025641026,+/-,++,+-,Effective,Effective-Ineffective,23.1,2.36929629211393
186+131_7,186+131,115,43.3,99.2,2019-06-05,33,3.99,7,2,55,9.18614020950846,8.32738719832109,126.9875,0.924,+/-,++,+-,Effective,Effective-Ineffective,118.9,16.0838932658975
186+131_8,186+131,262,3.6,9,2019-05-10,9,0.333333,8,2,29,0.812248186946011,0.755508919202518,-2.9125,0.238095,+/-,++,+-,Effective,Effective-Ineffective,8.6,0.0745464946169308
186+156_1,186+156,151,4.4,15.8,2019-06-03,27,0.98,1,1,59,1.30217566478646,1.32633788037775,4.6875,1.30990099009901,+/-,++,+-,Ineffective,Effective-Ineffective,40.7,2.92006015732619
186+156_10,186+156,170,2.5,6.4,2019-05-13,15,1.09,10,2,32,0.573730862207897,0.537250786988458,-6.6125,1.83707865168539,+/-,++,+-,Ineffective,Effective-Ineffective,18,0.787792869288384
186+156_2,186+156,35,2.5,4.8,2019-05-09,9,1,2,1,34,0.470588235294118,0.402938090241343,-8.2125,1.23287671232877,+/-,++,+-,Ineffective,Effective-Ineffective,10.9,0.490772504616489
186+156_4,186+156,131,1,1.3,2019-06-04,5,0.74,4,1,60,0.148267526188558,0.10912906610703,-13.2125,1.60869565217391,+/-,++,+-,Ineffective,Effective-Ineffective,5.5,0.172113707878833
186+156_5,186+156,154,5.5,14,2019-06-03,25,0.8,5,1,59,1.25705076551168,1.17523609653725,3.9875,1.02564102564103,+/-,++,+-,Ineffective,Effective-Ineffective,40.4,3.19505355200038
186+156_6,186+156,142,NA,NA,2019-06-05,0,0,6,2,55,NA,NA,NA,NA,+/-,++,+-,Ineffective,Effective-Ineffective,NA,NA
186+156_7,186+156,111,1.3,3.7,2019-05-20,8,0.925,7,2,39,0.32232070910556,0.310598111227702,-10.5125,1.48,+/-,++,+-,Ineffective,Effective-Ineffective,11,0.673511159562232
186+156_8,186+156,367,2.7,6.5,2019-05-15,23,0.42,8,2,34,0.59307010475423,0.545645330535152,-6.3125,1.05,+/-,++,+-,Ineffective,Effective-Ineffective,29.3,1.51559437798099
186+184_1,186+184,208,5.8,10,2019-05-06,10,0.8,1,1,31,1.01853344077357,0.839454354669465,0.2875,0.506329113924051,+/-,++,+-,Effective,Effective-Ineffective,13.1,0.724259859670305
186+184_10,186+184,10,13,29.3,2019-05-31,13,0.81,10,2,50,2.72683319903304,2.45960125918153,26.7875,0.248936170212766,+/-,++,+-,Effective,Effective-Ineffective,17.9,1.09897983004949
186+184_2,186+184,18,2,6.4,2019-05-06,7,0.8,2,1,31,0.541498791297341,0.537250786988458,-7.1125,0.666666666666667,+/-,++,+-,Effective,Effective-Ineffective,9.8,0.620991634943006
186+184_3,186+184,295,4.8,17.9,2019-05-17,12,1.3,3,1,42,1.46333601933924,1.50262329485834,7.1875,0.687224669603524,+/-,++,+-,Effective,Effective-Ineffective,22.7,2.13226728803781
186+184_4,186+184,140,44,157.2,2019-06-06,48,1.57,4,1,62,12.9701853344077,13.196222455404,185.6875,0.37455268389662,+/-,++,+-,Effective,Effective-Ineffective,115,12.9084906486683
186+184_5,186+184,330,2.7,11.6,2019-05-15,6,1.733333,5,1,40,0.921837228041902,0.973767051416579,-1.2125,0.727272587412587,+/-,++,+-,Effective,Effective-Ineffective,NA,NA
186+184_6,186+184,248,0.9,1.6,2019-05-10,2,0.4,6,2,29,0.16116035455278,0.134312696747114,-13.0125,0.32,+/-,++,+-,Effective,Effective-Ineffective,1.7,-0.0216384320657623
186+184_8,186+184,85,11.3,47.2,2019-06-06,18,1.02,8,2,56,3.77115229653505,3.96222455403987,42.9875,0.313846153846154,+/-,++,+-,Effective,Effective-Ineffective,24,1.54431610809136
186+184_9,186+184,153,26,92.7,2019-06-03,59,1.54,9,2,53,7.65189363416599,7.78174186778594,103.1875,0.765459140690817,+/-,++,+-,Effective,Effective-Ineffective,116.1,11.2964946712213
186+187_1,186+187,185,2.7,2,2019-05-22,6,0.5,1,1,47,0.302981466559226,0.167890870933893,-10.8125,0.638297872340425,-/-,+-,+-,Ineffective,Ineffective-Ineffective,6.7,0.059991360595775
186+187_10,186+187,292,4.9,13.5,2019-05-28,24,1.55,10,2,47,1.18614020950846,1.13326337880378,2.8875,2.02173913043478,-/-,+-,+-,Ineffective,Ineffective-Ineffective,28.8,1.26046859086141
186+187_2,186+187,342,5.3,10.1,2019-06-04,15,0.86,2,1,60,0.992747784045125,0.847848898216159,-0.112500000000002,0.837662337662338,-/-,+-,+-,Ineffective,Ineffective-Ineffective,33.2,3.53850389189416
186+187_3,186+187,369,1,1.4,2019-06-04,5,0.42,3,1,60,0.154713940370669,0.117523609653725,-13.1125,0.875,-/-,+-,+-,Ineffective,Ineffective-Ineffective,5,0.0816297926615373
186+187_6,186+187,71,3.3,5,2019-05-20,12,0.55,6,2,39,0.53505237711523,0.419727177334732,-7.2125,0.795180722891566,-/-,+-,+-,Ineffective,Ineffective-Ineffective,13.2,0.413072898909198
186+187_7,186+187,319,9,22.6,2019-06-04,28,1.43,7,2,54,2.03706688154714,1.89716684155299,16.0875,1.26708860759494,-/-,+-,+-,Ineffective,Ineffective-Ineffective,83.2,10.6111929507963
186+187_8,186+187,136,12.4,29.2,2019-06-05,27,1.26,8,2,55,2.68170829975826,2.45120671563484,26.0875,0.817788461538462,-/-,+-,+-,Ineffective,Ineffective-Ineffective,55.5,5.59838404775813
186+187_9,186+187,102,7.6,13.1,2019-05-28,33,0.54,9,2,47,1.33440773569702,1.099685204617,5.1875,0.860869565217391,-/-,+-,+-,Ineffective,Ineffective-Ineffective,31,0.176820970696965
186+200_1,186+200,110,NA,NA,2019-06-05,0,0,1,1,61,NA,NA,NA,NA,-/-,++,--,Ineffective,Ineffective-Ineffective,NA,NA
186+200_10,186+200,205,1.4,3,2019-05-20,5,0.64,10,2,39,0.283642224012893,0.251836306400839,-11.1125,0.727272727272727,-/-,++,--,Ineffective,Ineffective-Ineffective,8.3,0.678823633095686
186+200_2,186+200,199,NA,NA,2019-06-05,0,0,2,1,61,NA,NA,NA,NA,-/-,++,--,Ineffective,Ineffective-Ineffective,NA,NA
186+200_3,186+200,77,3.9,6.3,2019-05-21,7,1.928571,3,1,46,0.657534246575342,0.528856243441763,-5.3125,1.32352911764706,-/-,++,--,Ineffective,Ineffective-Ineffective,14.8,1.52583078711596
186+200_4,186+200,334,1.3,2.6,2019-05-16,3,0.833333,4,1,41,0.251410153102337,0.218258132214061,-11.6125,0.641025384615384,-/-,++,--,Ineffective,Ineffective-Ineffective,4.9,0.392816753422645
186+200_5,186+200,239,2.3,2.8,2019-05-30,2,0.5,5,1,55,0.328767123287671,0.23504721930745,-10.4125,0.196078431372549,-/-,++,--,Ineffective,Ineffective-Ineffective,2.3,0.0869422661949921
186+200_6,186+200,75,10.7,19.5,2019-05-22,25,1.07,6,2,41,1.94681708299758,1.63693599160546,14.6875,0.885761589403974,-/-,++,--,Ineffective,Ineffective-Ineffective,34.1,2.05495622026246
186+200_7,186+200,176,2.6,3.4,2019-05-13,6,1.033333,7,2,32,0.386784850926672,0.285414480587618,-9.5125,1.033333,-/-,++,--,Ineffective,Ineffective-Ineffective,8.4,0.532278544236862
186+200_8,186+200,130,14.1,27.8,2019-06-05,27,1.34,8,2,55,2.70104754230459,2.33368310598111,26.3875,0.863484486873508,-/-,++,--,Ineffective,Ineffective-Ineffective,NA,NA
186+200_9,186+200,39,10.4,20,2019-06-05,11,2.9,9,2,55,1.9597099113618,1.67890870933893,14.8875,1.04934210526316,-/-,++,--,Ineffective,Ineffective-Ineffective,NA,NA
186+4_1,186+4,96,10.6,18.4,2019-06-13,9,4.02,1,1,69,1.86946011281225,1.54459601259182,13.4875,1.24758620689655,+/-,++,--,Effective,Effective-Effective,34.8,4.8159036520032
186+4_10,186+4,150,30.8,115.6,2019-06-14,38,1.34,10,2,64,9.4375503626108,9.70409233997901,130.8875,0.347814207650273,+/-,++,--,Effective,Effective-Effective,72.7,6.89997014030798
186+4_2,186+4,79,NA,NA,2019-06-14,0,0,2,1,70,NA,NA,NA,NA,+/-,++,--,Effective,Effective-Effective,NA,NA
186+4_3,186+4,174,50.9,141.4,2019-06-14,50,1.308696,3,1,70,12.3964544721998,11.8698845750262,176.7875,0.340274570982839,+/-,++,--,Effective,Effective-Effective,80,6.24533283965309
186+4_4,186+4,1,0.9,1.6,2019-05-06,5,0.14,4,1,31,0.16116035455278,0.134312696747114,-13.0125,0.28,+/-,++,--,Effective,Effective-Effective,2.8,-0.316499434294562
186+4_5,186+4,143,8.6,17,2019-06-14,11,2.8,5,1,70,1.65028203062047,1.42707240293809,10.0875,1.203125,+/-,++,--,Effective,Effective-Effective,31.6,3.74288097890567
186+4_6,186+4,144,40.8,118.3,2019-06-14,52,1.064583,6,2,64,10.2562449637389,9.93074501573977,143.5875,0.34794667504714,+/-,++,--,Effective,Effective-Effective,89.5,7.63524348497714
186+4_7,186+4,189,6.3,19.6,2019-05-14,14,1.19,7,2,33,1.6696212731668,1.64533053515215,10.3875,0.643243243243243,+/-,++,--,Effective,Effective-Effective,17.8,0.916241175103749
186+4_8,186+4,61,4.6,12.2,2019-05-09,14,0.88,8,2,28,1.08299758259468,1.02413431269675,1.2875,0.733333333333333,+/-,++,--,Effective,Effective-Effective,18,0.952434741190667
186+4_9,186+4,263,4.9,11.9,2019-05-10,11,0.37,9,2,29,1.08299758259468,0.998950682056663,1.2875,0.242261904761905,+/-,++,--,Effective,Effective-Effective,11.8,0.324359808203054
187_1,187,92,4,4,2019-06-17,23,0.234783,1,1,73,0.515713134568896,0.335781741867786,-7.5125,0.675001125,-,-,+,Ineffective,,20.7,-0.040728963756487
187_10,187,194,3,3.6,2019-06-14,21,0.08,10,2,64,0.425463336019339,0.302203567681007,-8.9125,0.254545454545455,-,-,+,Ineffective,,13.2,-1.06870394821135
187_2,187,253,0.9,1.6,2019-05-30,11,0.1125,2,1,55,0.16116035455278,0.134312696747114,-13.0125,0.495,-,-,+,Ineffective,,NA,NA
187_3,187,38,NA,NA,2019-06-14,0,0,3,1,70,NA,NA,NA,NA,-,-,+,Ineffective,,NA,NA
187_4,187,152,4.4,4.1,2019-06-18,23,0.28,4,1,74,0.547945205479452,0.344176285414481,-7.0125,0.757647058823529,-,-,+,Ineffective,,24.8,0.701239141025335
187_5,187,272,0.9,1.3,2019-05-31,9,0.116667,5,1,56,0.141821112006446,0.10912906610703,-13.3125,0.477274090909091,-,-,+,Ineffective,,5.7,-0.285618341741099
187_6,187,54,2.3,3.4,2019-05-29,14,0.19,6,2,48,0.367445608380338,0.285414480587618,-9.8125,0.466666666666667,-,-,+,Ineffective,,13.1,0.0656923720611729
187_7,187,66,2.7,5.6,2019-06-17,15,0.186667,7,2,67,0.53505237711523,0.4700944386149,-7.2125,0.33735,-,-,+,Ineffective,,17,0.606825038853793
187_8,187,356,NA,NA,2019-06-14,0,0,8,2,64,NA,NA,NA,NA,-,-,+,Ineffective,,NA,NA
187_9,187,13,NA,NA,,NA,0,9,2,NA,NA,NA,NA,NA,-,-,+,Ineffective,,NA,NA
187+156_1,187+156,32,2.8,5.6,2019-05-09,10,1.29,1,1,34,0.541498791297341,0.4700944386149,-7.1125,1.53571428571429,+/-,+-,++,Ineffective,Effective-Ineffective,16.8,1.39384083227829
187+156_10,187+156,280,5,12,2019-06-04,17,1.5,10,2,54,1.0958904109589,1.00734522560336,1.4875,1.5,+/-,+-,++,Ineffective,Effective-Ineffective,22.8,1.32715471156985
187+156_2,187+156,98,11,25,2019-06-04,36,2.75,2,1,60,2.32070910556003,2.09863588667366,20.4875,2.75,+/-,+-,++,Ineffective,Effective-Ineffective,74.8,7.60928632802518
187+156_3,187+156,249,2.5,5.4,2019-05-21,16,0.99,3,1,46,0.509266720386785,0.453305351521511,-7.6125,2.00506329113924,+/-,+-,++,Ineffective,Effective-Ineffective,42.8,5.11115319216395
187+156_4,187+156,307,4.2,11.2,2019-05-15,25,1.13,4,1,40,0.992747784045125,0.940188877229801,-0.112500000000002,1.83441558441558,+/-,+-,++,Ineffective,Effective-Ineffective,66.4,7.90021714329974
187+156_5,187+156,365,4.8,16.1,2019-06-04,15,1.6,5,1,60,1.34730056406124,1.35152151101784,5.3875,1.14832535885167,+/-,+-,++,Ineffective,Effective-Ineffective,38.6,4.51573017624095
187+156_6,187+156,17,3.3,7.1,2019-05-31,6,1.066667,6,2,50,0.670427074939565,0.59601259181532,-5.1125,0.615384807692308,+/-,+-,++,Ineffective,Effective-Ineffective,10.9,0.984698120323339
187+156_7,187+156,158,5.5,13.9,2019-06-03,10,2.26,7,2,53,1.25060435132957,1.16684155299056,3.8875,1.16494845360825,+/-,+-,++,Ineffective,Effective-Ineffective,26,1.90625176896054
187+156_8,187+156,237,5,11.8,2019-05-30,NA,0,8,2,49,1.08299758259468,0.990556138509968,1.2875,NA,+/-,+-,++,Ineffective,Effective-Ineffective,19.2,1.00495426580989
187+156_9,187+156,90,4.9,6.3,2019-06-05,17,0.94,9,2,55,0.721998388396454,0.528856243441763,-4.3125,1.42678571428571,+/-,+-,++,Ineffective,Effective-Ineffective,NA,NA
187+184_1,187+184,201,2.7,6,2019-05-07,7,0.614286,1,1,32,0.560838033843674,0.503672612801679,-6.8125,0.494253103448276,+/-,+-,++,Effective,Effective-Ineffective,6.4,0.00570101146539787
187+184_10,187+184,128,NA,NA,2019-06-14,NA,0,10,2,64,NA,NA,NA,NA,+/-,+-,++,Effective,Effective-Ineffective,NA,NA
187+184_2,187+184,126,65.9,203.7,2019-06-05,41,0.98,2,1,61,17.3795326349718,17.099685204617,254.0875,0.149035608308605,+/-,+-,++,Effective,Effective-Ineffective,114.5,13.970499836767
187+184_3,187+184,250,40.8,134.3,2019-06-11,33,7.4,3,1,67,11.2876712328767,11.2738719832109,159.5875,1.39463163906339,+/-,+-,++,Effective,Effective-Ineffective,120.3,16.3372482285059
187+184_4,187+184,309,9.5,41.1,2019-05-15,10,2.8,4,1,40,3.26188557614827,3.4501573976915,35.0875,0.553359683794466,+/-,+-,++,Effective,Effective-Ineffective,NA,NA
187+184_5,187+184,290,4.2,9,2019-05-16,9,0.9,5,1,41,0.850926672038678,0.755508919202518,-2.3125,0.613636363636364,+/-,+-,++,Effective,Effective-Ineffective,13.6,0.979385646789884
187+184_6,187+184,353,4.9,6.9,2019-06-12,30,0.24,6,2,62,0.760676873489122,0.579223504721931,-3.7125,0.610169491525424,+/-,+-,++,Effective,Effective-Ineffective,26.5,-0.143608650551843
187+184_7,187+184,124,2.8,11.7,2019-06-14,25,0.17,7,2,64,0.934730056406124,0.982161594963274,-1.0125,0.293103448275862,+/-,+-,++,Effective,Effective-Ineffective,19.2,-0.641464453212939
187+184_8,187+184,134,NA,NA,2019-05-30,15,1.3,8,2,49,NA,NA,NA,NA,+/-,+-,++,Effective,Effective-Ineffective,NA,NA
187+184_9,187+184,335,5.9,3.6,2019-06-14,26,0.45,9,2,64,0.612409347300564,0.302203567681007,-6.0125,1.23157894736842,+/-,+-,++,Effective,Effective-Ineffective,22.3,-0.245106050767991
187+200_1,187+200,227,4.2,2.8,2019-05-08,12,0.3,1,1,33,0.451248992747784,0.23504721930745,-8.5125,0.514285714285714,-/-,+-,+-,Ineffective,Ineffective-Ineffective,14.3,0.612137512387248
187+200_10,187+200,325,6,5.6,2019-06-11,46,0.82,10,2,61,0.747784045124899,0.4700944386149,-3.9125,3.25172413793103,-/-,+-,+-,Ineffective,Ineffective-Ineffective,31.4,-1.89113623185888
187+200_3,187+200,166,4.3,4.5,2019-05-06,2,0.05,3,1,31,0.567284448025786,0.377754459601259,-6.7125,0.0113636363636364,-/-,+-,+-,Ineffective,Ineffective-Ineffective,29.2,-0.148921124085298
187+200_4,187+200,2,3.4,4.3,2019-05-06,5,0.14,4,1,31,0.496373892022562,0.36096537250787,-7.8125,0.0909090909090909,-/-,+-,+-,Ineffective,Ineffective-Ineffective,4.5,-0.00885412255575805
187+200_5,187+200,287,6.4,15.4,2019-05-17,17,1.6,5,1,42,1.40531829170024,1.29275970619098,6.2875,1.24770642201835,-/-,+-,+-,Ineffective,Ineffective-Ineffective,39.9,4.42170461200135
187+200_6,187+200,296,4.9,6,2019-06-12,17,0.47,6,2,62,0.702659145850121,0.503672612801679,-4.6125,0.73302752293578,-/-,+-,+-,Ineffective,Ineffective-Ineffective,13.9,-0.283458979298004
187+200_7,187+200,368,2.2,3.1,2019-05-14,9,0.177778,7,2,33,0.341659951651894,0.260230849947534,-10.2125,0.301887169811321,-/-,+-,+-,Ineffective,Ineffective-Ineffective,7.3,-0.160711684948037
187+200_8,187+200,108,1.2,1.1,2019-06-14,9,0.133333,8,2,64,0.148267526188558,0.0923399790136411,-13.2125,0.521737826086956,-/-,+-,+-,Ineffective,Ineffective-Ineffective,5.8,-0.432163430599923
187+200_9,187+200,276,3.1,6.8,2019-05-09,8,0.2625,9,2,28,0.638195004029009,0.570828961175236,-5.6125,0.212121212121212,-/-,+-,+-,Ineffective,Ineffective-Ineffective,5.9,-0.249424775654181
2_1,2,273,41,84.4,2019-06-18,20,3.68,1,1,74,8.08380338436745,7.08499475341028,109.8875,0.586921850079745,-,-,-,Ineffective,,78.5,10.9131372510697
2_10,2,254,6.5,8.5,2019-05-31,8,0.3125,10,2,50,0.96696212731668,0.713536201469045,-0.512500000000001,0.166666666666667,-,-,-,Ineffective,,11.5,0.763995074779527
2_2,2,129,13.8,21.6,2019-06-19,23,0.58,2,1,75,2.28203062046736,1.81322140608604,19.8875,0.37683615819209,-,-,-,Ineffective,,53.7,5.931209440585
2_3,2,23,3.2,9,2019-05-31,3,NA,3,1,56,0.786462530217566,0.755508919202518,-3.3125,NA,-,-,-,Ineffective,,NA,NA
2_4,2,345,3.6,4.3,2019-06-19,3,1.533333,4,1,75,0.509266720386785,0.36096537250787,-7.6125,0.58227835443038,-,-,-,Ineffective,,7.4,0.845236329509121
2_5,2,358,42.2,77.9,2019-06-19,33,1.88,5,1,75,7.74214343271555,6.53934942287513,104.5875,0.516569525395504,-,-,-,Ineffective,,91.4,11.1072779289462
2_6,2,221,2,4.6,2019-06-17,2,0.5,6,2,67,0.425463336019339,0.386149003147954,-8.9125,0.151515151515152,-,-,-,Ineffective,,2.9,0.195522964455746
2_7,2,97,2.3,1.3,2019-06-19,3,0.733333,7,2,69,0.232070910556003,0.10912906610703,-11.9125,0.611110833333333,-,-,-,Ineffective,,4.4,0.302332838205349
2_8,2,178,4.1,3.4,2019-05-30,2,NA,8,2,49,0.48348106365834,0.285414480587618,-8.0125,NA,-,-,-,Ineffective,,3.1,0.231716530542665
2_9,2,297,7.1,9,2019-06-17,15,0.56,9,2,67,1.0378726833199,0.755508919202518,0.5875,0.521739130434782,-,-,-,Ineffective,,18,0.787792869288384
2+131_1,2+131,214,1.1,3.9,2019-05-07,8,0.875,1,1,32,0.32232070910556,0.327387198321091,-10.5125,1.4,+/-,+-,+-,Ineffective,Effective-Ineffective,13.8,1.18022108477909
2+131_2,2+131,12,3,4.5,2019-05-06,7,1.028571,2,1,31,0.48348106365834,0.377754459601259,-8.0125,0.9599996,+/-,+-,+-,Ineffective,Effective-Ineffective,11.1,0.856249814507974
2+131_3,2+131,42,1.6,3.7,2019-05-20,6,1.05,3,1,45,0.341659951651894,0.310598111227702,-10.2125,1.18867924528302,+/-,+-,+-,Ineffective,Effective-Ineffective,10.2,0.858020639019125
2+131_4,2+131,181,NA,NA,2019-06-14,0,0,4,1,70,NA,NA,NA,NA,+/-,+-,+-,Ineffective,Effective-Ineffective,NA,NA
2+131_5,2+131,45,NA,NA,2019-06-14,0,0,5,1,70,NA,NA,NA,NA,+/-,+-,+-,Ineffective,Effective-Ineffective,NA,NA
2+131_6,2+131,81,22.8,49.9,2019-06-14,36,1.428125,6,2,64,4.68654311039484,4.18887722980063,57.1875,0.707187070151307,+/-,+-,+-,Ineffective,Effective-Ineffective,71.9,7.08447961976487
2+131_9,2+131,99,21.8,69.1,2019-06-13,20,6.67,9,2,63,5.85979049153908,5.800629590766,75.3875,1.46754675467547,+/-,+-,+-,Ineffective,Effective-Ineffective,69.7,9.3206203432453
2+156_1,2+156,370,3,4.2,2019-06-12,11,0.5,1,1,68,0.464141821112006,0.352570828961175,-8.3125,0.763888888888889,+/-,+-,+-,Ineffective,Effective-Ineffective,15.9,1.06632791298488
2+156_2,2+156,94,NA,NA,2019-06-14,21,0.66,2,1,70,NA,NA,NA,NA,+/-,+-,+-,Ineffective,Effective-Ineffective,34.7,2.82210440613235
2+156_3,2+156,198,4.3,6.5,2019-06-13,11,0.357143,3,1,69,0.69621273166801,0.545645330535152,-4.7125,0.363756759259259,+/-,+-,+-,Ineffective,Effective-Ineffective,8.8,-0.218543683100717
2+156_4,2+156,27,1.4,5.5,2019-05-09,5,0.8,4,1,34,0.444802578565673,0.461699895068206,-8.6125,0.579710144927536,+/-,+-,+-,Ineffective,Effective-Ineffective,7.3,0.497855802661096
2+156_5,2+156,300,3.8,10.3,2019-05-15,14,0.76,5,1,40,0.908944399677679,0.864637985309549,-1.4125,0.754609929078014,+/-,+-,+-,Ineffective,Effective-Ineffective,NA,NA
2+156_8,2+156,352,2.4,5.2,2019-05-14,15,0.33,8,2,33,0.489927477840451,0.436516264428122,-7.9125,0.651315789473684,+/-,+-,+-,Ineffective,Effective-Ineffective,20.9,1.3125995775487
2+156_9,2+156,340,5,12.2,2019-05-14,16,1.37,9,2,33,1.10878323932313,1.02413431269675,1.6875,1.27441860465116,+/-,+-,+-,Ineffective,Effective-Ineffective,35.2,3.73579768086106
2+184_10,2+184,87,15.6,38.7,2019-06-05,23,2.82,10,2,55,3.50040290088638,3.24868835257083,38.7875,1.19447513812155,+/-,+-,+-,Effective,Effective-Ineffective,59.3,6.94462929101871
2+184_2,2+184,359,23,98.2,2019-06-04,46,0.63,2,1,60,7.81305398871877,8.24344176285414,105.6875,0.239108910891089,+/-,+-,+-,Effective,Effective-Ineffective,67.1,4.56941531465601
2+184_3,2+184,256,11.9,44.8,2019-05-30,37,1.31,3,1,55,3.65511684125705,3.7607555089192,41.1875,0.854850088183422,+/-,+-,+-,Effective,Effective-Ineffective,48.4,2.66709373264971
2+184_4,2+184,315,4.3,15.2,2019-05-15,14,0.84,4,1,40,1.25705076551168,1.27597061909759,3.9875,0.603076923076923,+/-,+-,+-,Effective,Effective-Ineffective,25.9,2.38208060162393
2+184_5,2+184,83,4.2,8.8,2019-05-30,14,0.93,5,1,55,0.838033843674456,0.738719832109129,-2.5125,1.00153846153846,+/-,+-,+-,Effective,Effective-Ineffective,17,0.771466910756076
2+184_6,2+184,225,15.5,35.2,2019-06-04,22,1.94,6,2,54,3.26833199033038,2.95487932843652,35.1875,0.84181459566075,+/-,+-,+-,Effective,Effective-Ineffective,41.9,3.96043091335912
2+184_7,2+184,233,2.3,4.1,2019-05-10,7,0.3,7,2,29,0.412570507655117,0.344176285414481,-9.1125,0.328125,+/-,+-,+-,Effective,Effective-Ineffective,5.9,-0.0847829037518975
2+184_8,2+184,50,2.4,3.7,2019-05-09,8,0.2875,8,2,28,0.393231265108783,0.310598111227702,-9.4125,0.377049180327869,+/-,+-,+-,Effective,Effective-Ineffective,6.8,-0.0865537282630491
2+184_9,2+184,52,2.5,4.4,2019-05-09,9,0.122222,9,2,28,0.444802578565673,0.369359916054565,-8.6125,0.15942,+/-,+-,+-,Effective,Effective-Ineffective,4.4,-1.01480213701292
2+186_1,2+186,109,3.1,5.1,2019-05-20,9,0.844444,1,1,45,0.528605962933118,0.428121720881427,-7.3125,0.926828780487805,-/-,--,+-,Ineffective,Ineffective-Ineffective,15.2,1.26893417548523
2+186_10,2+186,7,1.4,2.5,2019-05-20,4,0.575,10,2,39,0.251410153102337,0.209863588667366,-11.6125,0.58974358974359,-/-,--,+-,Ineffective,Ineffective-Ineffective,7.3,0.662497674563379
2+186_3,2+186,67,3.6,8.1,2019-06-05,5,2.38,3,1,61,0.75423045930701,0.679958027282267,-3.8125,1.01709401709402,-/-,--,+-,Ineffective,Ineffective-Ineffective,13.6,1.63795313439902
2+186_4,2+186,155,2.7,4.3,2019-05-20,9,0.744444,4,1,45,0.451248992747784,0.36096537250787,-8.5125,0.957142285714286,-/-,--,+-,Ineffective,Ineffective-Ineffective,NA,NA
2+186_5,2+186,101,NA,NA,2019-06-05,0,0,5,1,61,NA,NA,NA,NA,-/-,--,+-,Ineffective,Ineffective-Ineffective,NA,NA
2+186_6,2+186,135,4.6,7.1,2019-05-21,19,0.7,6,2,40,0.75423045930701,0.59601259181532,-3.8125,1.13675213675214,-/-,--,+-,Ineffective,Ineffective-Ineffective,15.4,-0.341290977450684
2+186_7,2+186,278,6.6,12.7,2019-05-29,18,0.73,7,2,48,1.24415793714746,1.06610703043022,3.7875,0.680829015544042,-/-,--,+-,Ineffective,Ineffective-Ineffective,56.9,7.82744147319396
2+186_8,2+186,333,5.6,9.8,2019-06-06,9,1.766667,8,2,56,0.992747784045125,0.822665267576075,-0.112500000000002,1.03246772727273,-/-,--,+-,Ineffective,Ineffective-Ineffective,23.8,2.82525751722271
2+186_9,2+186,327,5.3,12.8,2019-06-04,8,1.925,9,2,54,1.16680096696213,1.07450157397692,2.5875,0.850828729281768,-/-,--,+-,Ineffective,Ineffective-Ineffective,24.5,3.1165768704292
2+187_1,2+187,366,4.5,13.4,2019-06-04,13,0.47,1,1,60,1.1539081385979,1.12486883525708,2.3875,0.341340782122905,-/-,--,+-,Ineffective,Ineffective-Ineffective,17.2,0.972302348745277
2+187_2,2+187,146,NA,NA,2019-06-05,0,0,2,1,61,NA,NA,NA,NA,-/-,--,+-,Ineffective,Ineffective-Ineffective,NA,NA
2+187_3,2+187,361,2.3,2.7,2019-06-04,21,0.19,3,1,60,0.32232070910556,0.226652675760756,-10.5125,0.798,-/-,--,+-,Ineffective,Ineffective-Ineffective,NA,NA
2+187_4,2+187,4,2.6,1.7,2019-05-06,9,0.2,4,1,31,0.277195809830782,0.142707240293809,-11.2125,0.418604651162791,-/-,--,+-,Ineffective,Ineffective-Ineffective,4.4,-0.68551839320835
2+187_5,2+187,125,1.5,1.5,2019-06-05,10,0.28,5,1,61,0.193392425463336,0.12591815320042,-12.5125,0.933333333333333,-/-,--,+-,Ineffective,Ineffective-Ineffective,NA,NA
2+200_1,2+200,58,3.1,5.6,2019-05-10,2,1.8,1,1,35,0.560838033843674,0.4700944386149,-6.8125,0.413793103448276,-/-,+-,--,Ineffective,Ineffective-Ineffective,5.1,0.593652191411846
2+200_10,2+200,33,8.5,14.3,2019-05-31,13,1.29,10,2,50,1.46978243352135,1.20041972717733,7.2875,0.735526315789473,-/-,+-,--,Ineffective,Ineffective-Ineffective,18.7,1.24375409439716
2+200_2,2+200,106,2.1,1.6,2019-05-28,1,0.7,2,1,53,0.238517324738114,0.134312696747114,-11.8125,0.189189189189189,-/-,+-,--,Ineffective,Ineffective-Ineffective,1.7,0.143003439836521
2+200_3,2+200,41,NA,NA,2019-06-14,0,0,3,1,70,NA,NA,NA,NA,-/-,+-,--,Ineffective,Ineffective-Ineffective,NA,NA
2+200_4,2+200,226,1.5,2.1,2019-05-08,2,1.35,4,1,33,0.232070910556003,0.176285414480588,-11.9125,0.75,-/-,+-,--,Ineffective,Ineffective-Ineffective,4.3,0.448877927064173
2+200_5,2+200,145,1.3,2.1,2019-06-05,1,2.1,5,1,61,0.219178082191781,0.176285414480588,-12.1125,0.617647058823529,-/-,+-,--,Ineffective,Ineffective-Ineffective,NA,NA
2+200_6,2+200,86,7.4,9.7,2019-05-28,12,1.04,6,2,47,1.10233682514102,0.814270724029381,1.5875,0.729824561403508,-/-,+-,--,Ineffective,Ineffective-Ineffective,16.8,1.06455708847372
2+200_7,2+200,167,3.2,4.5,2019-05-13,2,0.05,7,2,32,0.496373892022562,0.377754459601259,-7.8125,0.012987012987013,-/-,+-,--,Ineffective,Ineffective-Ineffective,0.4,-0.0922547397284469
2+200_8,2+200,275,2.4,5.5,2019-05-09,6,0.283333,8,2,28,0.509266720386785,0.461699895068206,-7.6125,0.215189620253165,-/-,+-,--,Ineffective,Ineffective-Ineffective,3.9,-0.282076692718795
2+200_9,2+200,80,5,9.1,2019-05-29,17,0.25,9,2,48,0.908944399677679,0.763903462749213,-1.4125,0.301418439716312,-/-,+-,--,Ineffective,Ineffective-Ineffective,19.5,0.729960871135703
2+4_10,2+4,217,9.6,24.1,2019-06-03,23,0.84,10,2,53,2.17244157937147,2.02308499475341,18.1875,0.573293768545994,+/-,+-,--,Ineffective,Effective-Ineffective,38.7,3.21669198406614
2+4_2,2+4,3,0.6,0.8,2019-05-06,1,1,2,1,31,0.0902497985495568,0.0671563483735572,-14.1125,0.714285714285714,+/-,+-,--,Ineffective,Effective-Ineffective,1.5,0.106809873749603
2+4_3,2+4,362,4.8,18.1,2019-06-04,12,1.01,3,1,60,1.47622884770347,1.51941238195173,7.3875,0.529257641921397,+/-,+-,--,Ineffective,Effective-Ineffective,29.6,3.38094531803648
2+4_4,2+4,118,12.4,34.7,2019-06-05,29,1.64,4,1,61,3.03626107977438,2.91290661070304,31.5875,1.00976645435244,+/-,+-,--,Ineffective,Effective-Ineffective,61.9,6.42729441873495
2+4_5,2+4,279,3.6,6.9,2019-05-16,13,1.14,5,1,41,0.676873489121676,0.579223504721931,-5.0125,1.41142857142857,+/-,+-,--,Ineffective,Effective-Ineffective,29.5,3.19820666309074
2+4_6,2+4,234,1.6,2.6,2019-05-10,1,0.1,6,2,29,0.27074939564867,0.218258132214061,-11.3125,0.0238095238095238,+/-,+-,--,Ineffective,Effective-Ineffective,0.9,-0.00177082451115162
2+4_7,2+4,11,8.2,24.3,2019-05-31,15,2.06,7,2,50,2.09508460918614,2.0398740818468,16.9875,0.950769230769231,+/-,+-,--,Ineffective,Effective-Ineffective,25.8,2.19934194667819
2+4_8,2+4,187,4,7.7,2019-05-14,15,0.71,8,2,33,0.75423045930701,0.646379853095488,-3.8125,0.91025641025641,+/-,+-,--,Ineffective,Effective-Ineffective,11.2,-0.442788377666832
2+4_9,2+4,215,7.3,21.8,2019-05-31,14,1.17,9,2,50,1.87590652699436,1.83001049317943,13.5875,0.562886597938144,+/-,+-,--,Ineffective,Effective-Ineffective,24.4,2.11062885597205
200_10,200,284,5,8.3,2019-06-14,8,0.1875,10,2,64,0.85737308622079,0.696747114375656,-2.2125,0.112781954887218,-,+,-,Ineffective,,5.3,-0.358005473914935
200_6,200,210,4.2,5.4,2019-06-17,6,0.233333,6,2,67,0.618855761482675,0.453305351521511,-5.9125,0.145833125,-,+,-,Ineffective,,6.2,0.134149317280763
200_7,200,350,4.7,5,2019-06-14,8,0.325,7,2,64,0.625302175664786,0.419727177334732,-5.8125,0.268041237113402,-,+,-,Ineffective,,96.7,10.0907049674222
200_8,200,116,1.6,4,2019-05-28,0,0,8,2,47,0.360999194198227,0.335781741867786,-9.9125,0,-,+,-,Ineffective,,60.3,8.27809022476928
200_9,200,119,2.7,3.8,2019-06-14,8,0.1625,9,2,64,0.419016921837228,0.318992654774397,-9.0125,0.2,-,+,-,Ineffective,,6.2,-0.195134426523803
4_1,4,76,1.3,1.8,2019-06-18,5,0.36,1,1,74,0.199838839645447,0.151101783840504,-12.4125,0.580645161290323,+,+,-,Effective,,5.9,0.244500840052669
4_2,4,289,NA,NA,,NA,0,2,1,NA,NA,NA,NA,NA,+,+,-,Effective,,NA,NA
4_3,4,247,3.6,11.5,2019-06-01,14,0.809091,3,1,57,0.973408541498791,0.965372507869885,-0.412500000000001,0.75015059602649,+,+,-,Effective,,21.8,1.96939624064668
4_4,4,336,NA,NA,2019-06-05,0,0,4,1,61,NA,NA,NA,NA,+,+,-,Effective,,NA,NA
4_5,4,72,NA,NA,2019-06-14,0,0,5,1,70,NA,NA,NA,NA,+,+,-,Effective,,NA,NA
4_6,4,313,9.2,34.5,2019-05-30,12,1.577778,6,2,49,2.81708299758259,2.89611752360965,28.1875,0.433257116704805,+,+,-,Effective,,28.8,3.23617105368881
4_7,4,93,21.7,54.6,2019-06-17,31,1.132258,7,2,67,4.91861402095085,4.58342077649528,60.7875,0.460026186107471,+,+,-,Effective,,56.7,5.15697795667051
4_8,4,100,46,115.1,2019-06-18,58,1.112069,8,2,68,10.3851732473811,9.66211962224554,145.5875,0.400372451893234,+,+,-,Effective,,100.2,8.58374803921356
4_9,4,204,9.4,35.8,2019-06-01,20,0.6,9,2,51,2.91377921031426,3.00524658971668,29.6875,0.265486725663717,+,+,-,Effective,,23,1.0340645338522
4+131_1,4+131,355,26.6,124,2019-06-05,36,0.505556,1,1,61,9.70829975825947,10.4092339979014,135.0875,0.120850039840637,+/+,++,+-,Effective,Effective-Effective,NA,NA
4+131_10,4+131,5,7.9,24.5,2019-05-31,11,1.43,10,2,50,2.08863819500403,2.05666316894019,16.8875,0.485493827160494,+/+,++,+-,Effective,Effective-Effective,20.6,1.91687671602745
4+131_2,4+131,213,3.3,7.7,2019-05-06,13,0.37,2,1,31,0.709105560032232,0.646379853095488,-4.5125,0.437272727272727,+/+,++,+-,Effective,Effective-Effective,NA,NA
4+131_3,4+131,302,7.1,31,2019-05-15,15,1.24,3,1,40,2.45608380338437,2.60230849947534,22.5875,0.488188976377953,+/+,++,+-,Effective,Effective-Effective,39.9,4.75098835580592
4+131_4,4+131,246,24.8,79.2,2019-06-03,46,1.33,4,1,59,6.70427074939565,6.64847848898216,88.4875,0.588269230769231,+/+,++,+-,Effective,Effective-Effective,98,10.1613212750849
4+131_5,4+131,240,3.3,10.7,2019-05-09,12,0.87,5,1,34,0.902497985495568,0.898216159496327,-1.5125,0.745714285714286,+/+,++,+-,Effective,Effective-Effective,16.1,1.10252147907179
4+131_7,4+131,165,29,87.4,2019-06-04,48,3.31,7,2,54,7.50362610797744,7.33683105981112,100.8875,1.36494845360825,+/+,++,+-,Effective,Effective-Effective,101.6,10.4835217208448
4+131_8,4+131,6,9,26.2,2019-05-31,NA,0,8,2,50,2.26913779210314,2.199370409234,19.6875,NA,+/+,++,+-,Effective,Effective-Effective,30,3.78261619401489
4+131_9,4+131,51,4.8,6.6,2019-05-09,14,0.18,9,2,28,0.734891216760677,0.554039874081847,-4.1125,0.221052631578947,+/+,++,+-,Effective,Effective-Effective,12.4,-0.0609851092430405
4+156_1,4+156,156,16.3,36.4,2019-06-04,27,4.61,1,1,60,3.3972602739726,3.05561385099685,37.1875,2.36185958254269,+/+,++,+-,Ineffective,Effective-Effective,64.7,7.26328808775637
4+156_10,4+156,48,4.3,8.8,2019-05-09,8,0.85,10,2,28,0.844480257856567,0.738719832109129,-2.4125,0.519083969465649,+/+,++,+-,Ineffective,Effective-Effective,10.6,0.601124027388395
4+156_2,4+156,105,14.8,41.8,2019-06-05,27,3.53,2,1,61,3.64867042707494,3.50891920251836,41.0875,1.6839222614841,+/+,++,+-,Ineffective,Effective-Effective,NA,NA
4+156_3,4+156,190,8.5,28.4,2019-06-03,21,2.79,3,1,59,2.37872683319903,2.38405036726128,21.3875,1.58780487804878,+/+,++,+-,Ineffective,Effective-Effective,48.2,5.26517011699932
4+156_4,4+156,209,2.1,3.7,2019-05-06,8,0.4875,4,1,31,0.37389202256245,0.310598111227702,-9.7125,0.672413793103448,+/+,++,+-,Ineffective,Effective-Effective,7.2,-0.0141665960892128
4+156_5,4+156,238,2.9,9.6,2019-05-08,8,1.275,5,1,33,0.8058017727639,0.805876180482686,-3.0125,0.816,+/+,++,+-,Ineffective,Effective-Effective,16.4,1.65073744390902
4+156_6,4+156,179,2.1,6.6,2019-05-13,7,1.071429,6,2,32,0.560838033843674,0.554039874081847,-6.8125,0.862069310344828,+/+,++,+-,Ineffective,Effective-Effective,9.7,0.602894851899547
4+184_1,4+184,288,5.2,18.4,2019-05-17,10,1.9,1,1,42,1.52135374697824,1.54459601259182,8.0875,0.805084745762712,+/+,++,+-,Effective,Effective-Effective,34.3,4.56077786488363
4+184_10,4+184,298,16.4,53.2,2019-05-29,33,1.16,10,2,48,4.48670427074939,4.46589716684155,54.0875,0.55,+/+,++,+-,Effective,Effective-Effective,59.3,5.29821057199588
4+184_2,4+184,312,12.2,35.4,2019-05-15,17,1.7,2,1,40,3.06849315068493,2.97166841552991,32.0875,0.607142857142857,+/+,++,+-,Effective,Effective-Effective,51.4,6.50283466199914
4+184_3,4+184,264,15.1,51,2019-05-30,37,1.67,3,1,55,4.2610797743755,4.28121720881427,50.5875,0.934795763993949,+/+,++,+-,Effective,Effective-Effective,58.6,4.51296560308253
4+184_4,4+184,303,37.5,146.2,2019-05-28,45,3.63,4,1,53,11.8420628525383,12.2728226652676,168.1875,0.889221556886228,+/+,++,+-,Effective,Effective-Effective,122.5,14.7596749926346
4+184_5,4+184,36,1.7,3.9,2019-05-09,7,0.642857,5,1,34,0.360999194198227,0.327387198321091,-9.9125,0.80357125,+/+,++,+-,Effective,Effective-Effective,10.1,0.675281984073383
4+184_6,4+184,218,12.3,64.6,2019-05-30,5,1.12,6,2,49,4.95729250604351,5.42287513116474,61.3875,0.0728218465539662,+/+,++,+-,Effective,Effective-Effective,6.3,0.316887972226505
4+184_8,4+184,346,2.5,7.3,2019-05-15,11,0.53,8,2,34,0.631748589846898,0.612801678908709,-5.7125,0.594897959183673,+/+,++,+-,Effective,Effective-Effective,15.9,1.39561165678944
4+184_9,4+184,257,3.6,11.4,2019-05-10,9,0.888889,9,2,29,0.96696212731668,0.95697796432319,-0.512500000000001,0.5333334,+/+,++,+-,Effective,Effective-Effective,12,0.689837118094539
4+187_1,4+187,132,11,35.5,2019-05-22,24,1.01,1,1,47,2.99758259468171,2.9800629590766,30.9875,0.521290322580645,+/-,+-,+-,Effective,Effective-Ineffective,34,2.20150130912129
4+187_10,4+187,173,1.9,7.1,2019-05-13,10,0.75,10,2,32,0.580177276390008,0.59601259181532,-6.5125,0.833333333333333,+/-,+-,+-,Effective,Effective-Ineffective,11.1,0.362324198801124
4+187_2,4+187,171,5.9,16.5,2019-05-22,13,1.06,2,1,47,1.44399677679291,1.38509968520462,6.8875,0.615178571428571,+/-,+-,+-,Effective,Effective-Ineffective,20,1.47901227396213
4+187_3,4+187,168,26.7,89.7,2019-06-03,39,2.34,3,1,59,7.50362610797744,7.5299055613851,100.8875,0.784020618556701,+/-,+-,+-,Effective,Effective-Ineffective,97.2,11.1690401140532
4+187_4,4+187,192,NA,NA,2019-06-05,0,0,4,1,61,NA,NA,NA,NA,+/-,+-,+-,Effective,Effective-Ineffective,NA,NA
4+187_5,4+187,62,0.5,0.1,2019-05-28,0,0,5,1,53,0.0386784850926672,0.00839454354669465,-14.9125,0,+/-,+-,+-,Effective,Effective-Ineffective,NA,NA
4+187_6,4+187,294,5.5,19,2019-05-22,14,1.14,6,2,41,1.57937147461724,1.59496327387198,8.9875,0.651428571428571,+/-,+-,+-,Effective,Effective-Ineffective,16.5,0.680982995538781
4+187_7,4+187,291,12.5,33.5,2019-05-28,17,2.43,7,2,47,2.96535052377115,2.81217208814271,30.4875,0.898043478260869,+/-,+-,+-,Effective,Effective-Ineffective,32.2,3.028252317655
4+187_8,4+187,338,27.3,109.3,2019-05-31,6,21.166667,8,2,50,8.8058017727639,9.17523609653725,121.0875,0.929721830161054,+/-,+-,+-,Effective,Effective-Ineffective,65.2,7.84769761868051
4+187_9,4+187,14,11.5,26.5,2019-05-30,10,0.75,9,2,49,2.44963738920226,2.22455403987408,22.4875,0.197368421052632,+/-,+-,+-,Effective,Effective-Ineffective,14.3,1.43534687189866
4+200_1,4+200,186,11.9,42.9,2019-06-03,23,0.81,1,1,59,3.53263497179694,3.601259181532,39.2875,0.339963503649635,+/-,++,--,Effective,Effective-Ineffective,23,0.375497046243072
4+200_10,4+200,363,10,28.9,2019-05-14,20,0.6,10,2,33,2.50765511684126,2.42602308499475,23.3875,0.308483290488432,+/-,++,--,Effective,Effective-Ineffective,31.5,3.39550045205764
4+200_2,4+200,311,8.9,25.4,2019-05-15,25,1.06,2,1,40,2.21112006446414,2.13221406086044,18.7875,0.772594752186589,+/-,++,--,Effective,Effective-Ineffective,34.8,2.18163370156667
4+200_3,4+200,177,36.3,175,2019-06-03,63,3.3,3,1,59,13.621273166801,14.6904512067156,195.7875,0.983909133932797,+/-,++,--,Effective,Effective-Ineffective,126.9,12.5923797523057
4+200_4,4+200,163,23.6,91.7,2019-06-03,34,0.98,4,1,59,7.43271555197421,7.69779643231899,99.7875,0.288985255854293,+/-,++,--,Effective,Effective-Ineffective,60,5.26024618139781
4+200_5,4+200,341,10.9,35.8,2019-06-04,21,1.53,5,1,60,3.01047542304593,3.00524658971668,31.1875,0.688008565310492,+/-,++,--,Effective,Effective-Ineffective,33.1,2.532555877437
4+200_6,4+200,236,20.1,102.4,2019-05-29,30,1.58,6,2,48,7.89685737308622,8.59601259181532,106.9875,0.386938775510204,+/-,++,--,Effective,Effective-Ineffective,52.8,4.61584528987789
4+200_7,4+200,318,7,20.2,2019-05-14,15,0.73,7,2,33,1.75342465753425,1.69569779643232,11.6875,0.402573529411765,+/-,++,--,Effective,Effective-Ineffective,29,2.77843900406888
4+200_8,4+200,65,4.5,9.8,2019-05-09,15,0.73,8,2,28,0.921837228041902,0.822665267576075,-1.2125,0.765734265734266,+/-,++,--,Effective,Effective-Ineffective,14.5,0.977614822278732
4+200_9,4+200,184,4,10.8,2019-05-14,10,1.09,9,2,33,0.954069298952458,0.906610703043022,-0.7125,0.736486486486487,+/-,++,--,Effective,Effective-Ineffective,16.9,-0.234481103701082
H2O_1,H2O,182,3.8,4.2,2019-06-06,0,0,1,1,62,0.515713134568896,0.352570828961175,-7.5125,0,Control,Control,Control,Control,Control,NA,NA
H2O_10,H2O,258,5.7,71,2019-06-06,0,0,10,2,56,4.94439967767929,5.9601259181532,61.1875,0,Control,Control,Control,Control,Control,NA,NA
H2O_2,H2O,242,4.7,4.4,2019-06-06,0,0,2,1,62,0.586623690572119,0.369359916054565,-6.4125,0,Control,Control,Control,Control,Control,NA,NA
H2O_3,H2O,332,1.8,2.5,2019-06-06,0,0,3,1,62,0.277195809830782,0.209863588667366,-11.2125,0,Control,Control,Control,Control,Control,NA,NA
H2O_4,H2O,206,3,2.7,2019-05-07,0,0,4,1,32,0.367445608380338,0.226652675760756,-9.8125,0,Control,Control,Control,Control,Control,NA,NA
H2O_5,H2O,164,5.1,6.7,2019-05-21,0,0,5,1,46,0.760676873489122,0.562434417628542,-3.7125,0,Control,Control,Control,Control,Control,NA,NA
H2O_6,H2O,30,NA,NA,2019-06-06,NA,0,6,2,56,NA,NA,NA,NA,Control,Control,Control,Control,Control,NA,NA
H2O_7,H2O,147,1.7,1.5,2019-06-06,0,0,7,2,56,0.206285253827558,0.12591815320042,-12.3125,0,Control,Control,Control,Control,Control,NA,NA
H2O_8,H2O,245,NA,NA,2019-05-31,NA,0,8,2,50,NA,NA,NA,NA,Control,Control,Control,Control,Control,NA,NA
H2O_9,H2O,261,3,2.3,2019-05-20,0,0,9,2,39,0.341659951651894,0.193074501573977,-10.2125,0,Control,Control,Control,Control,Control,NA,NA
