,file,id_a,id_b,count_a,count_b
0,289_2_4_8_5_S277,2,4,0,16
1,308_186_131_10_7_S296,186,131,130,15530
2,628_2_184_2_4_S603,2,184,0,3314
3,1103_2_187_6_5_S1054,2,187,0,0
4,810_2_200_6_3_S777,2,200,2,0
5,915_4_187_7_9_S878,4,187,9,0
6,519_2_156_4_2_S498,2,156,1,8
7,242_186_4_8_5_S234,186,4,0,13888
8,1097_186_131_9_6_S1048,186,131,1,162
9,34_4_156_10_4_S34,4,156,31,459
10,657_187_156_9_4_S632,187,156,0,6
11,45_4_156_8_2_S45,4,156,796,13
12,994_186_200_3_5_S952,186,200,8,0
13,204_131_187_4_6_S196,131,187,6,0
14,813_2_200_6_6_S780,2,200,8,0
15,1171_2_186_8_4_S1117,2,186,0,3
16,736_186_187_10_2_S707,186,187,4,4
17,263_186_4_8_7_S255,186,4,0,9644
18,499_4_184_5_1_S478,4,184,4,0
19,3_4_156_9_1_S3,4,156,5,9
20,19_4_156_1_8_S19,4,156,5,40
21,884_2_200_5_1_S847,2,200,1966,0
22,109_2_156_5_2_S105,2,156,0,6610
23,919_187_156_5_4_S882,187,156,0,0
24,363_2_200_10_6_S351,2,200,3597,2
25,445_156_184_8_2_S428,156,184,2,0
26,346_187_156_6_4_S334,187,156,34,4047
27,439_184_200_10_6_S422,184,200,13,0
28,541_186_4_9_6_S520,186,4,0,11
29,753_131_184_5_2_S724,131,184,11201,2
30,854_186_156_5_2_S821,186,156,0,2324
31,932_2_187_3_3_S895,2,187,0,1
32,249_156_184_7_2_S241,156,184,0,0
33,513_2_156_9_3_S492,2,156,0,2
34,73_4_156_3_7_S73,4,156,5,29
35,200_131_187_4_4_S192,131,187,0,0
36,86_2_4_10_1_S86,2,4,0,199
37,870_187_156_10_6_S833,187,156,6,14759
38,322_2_200_10_9_S310,2,200,11723,0
39,211_131_200_2_10_S203,131,200,18,0
40,975_4_187_3_1_S933,4,187,6277,1
41,738_186_187_10_4_S709,186,187,16257,13
42,603_4_131_6_5_S578,4,131,26,14502
43,855_186_156_5_3_S822,186,156,258,6596
44,500_4_184_5_2_S479,4,184,3,0
45,1058_2_131_2_2_S1009,2,131,0,9
46,935_2_187_3_6_S898,2,187,0,5
47,173_186_184_4_4_S169,186,184,0,4
48,61_4_156_8_3_S61,4,156,11,15
49,1007_186_131_4_7_S965,186,131,2,5
50,464_156_184_8_6_S447,156,184,2,1
51,1109_186_4_5_3_S1060,186,4,0,7
52,647_186_187_7_6_S622,186,187,75,8
53,452_187_200_9_4_S435,187,200,2,0
54,545_2_184_4_2_S524,2,184,1,6
55,896_4_184_6_4_S859,4,184,8,0
56,222_4_184_1_9_S214,4,184,412,737
57,786_4_187_6_4_S753,4,187,7,0
58,1108_186_4_5_2_S1059,186,4,0,14
59,977_4_187_3_3_S935,4,187,6,1
60,820_4_200_3_5_S787,4,200,12,0
61,824_4_200_3_9_S791,4,200,2,0
62,487_187_200_7_2_S466,187,200,6,0
63,752_131_184_5_1_S723,131,184,12739,5
64,385_186_156_8_1_S368,186,156,57,6837
65,509_187_184_1_4_S488,187,184,2,3
66,155_186_184_5_7_S151,186,184,0,19
67,990_186_200_3_1_S948,186,200,5,0
68,65_4_156_2_8_S65,4,156,14,347
69,758_4_184_4_6_S729,4,184,6406,857
70,522_2_156_4_5_S501,2,156,0,0
71,411_131_184_8_3_S394,131,184,5,1
72,1083_187_184_1_7_S1034,187,184,1,0
73,722_2_200_9_7_S693,2,200,5988,31
74,248_186_156_2_6_S240,186,156,0,0
75,761_4_184_4_4_S732,4,184,72,1075
76,697_4_200_1_6_S668,4,200,6,0
77,313_131_187_8_4_S301,131,187,1008,1
78,897_4_184_6_2_S860,4,184,4,1
79,930_2_187_3_1_S893,2,187,0,1
80,1129_186_200_9_3_S1080,186,200,24,0
81,32_4_156_2_1_S32,4,156,3149,22
82,526_184_200_7_4_S505,184,200,4,0
83,88_2_4_7_8_S88,2,4,0,258
84,808_2_200_6_1_S775,2,200,29,0
85,623_186_156_4_4_S598,186,156,1,12
86,737_186_187_10_3_S708,186,187,117,10961
87,21_4_156_8_8_S21,4,156,996,7
88,962_4_187_9_2_S920,4,187,6123,1
89,228_186_156_10_6_S220,186,156,1,11867
90,1180_131_184_6_4_S1126,131,184,180,4
91,1127_186_200_9_1_S1078,186,200,6305,0
92,1162_2_131_8_2_S1108,2,131,1,28651
93,584_2_156_10_6_S559,2,156,0,10
94,75_4_156_3_5_S75,4,156,886,816
95,726_4_131_7_1_S697,4,131,5,9337
96,894_186_200_4_3_S857,186,200,10,0
97,54_2_4_9_2_S54,2,4,0,1278
98,1194_131_200_3_6_S1140,131,200,8,0
99,491_187_200_7_6_S470,187,200,10974,0
100,374_186_156_10_1_S362,186,156,2,428
101,1198_131_200_10_1_S1144,131,200,7,0
102,999_186_187_2_5_S957,186,187,7,916
103,965_4_187_9_5_S923,4,187,16,0
104,272_131_156_2_4_S264,131,156,0,0
105,429_131_184_8_6_S412,131,184,3,8
106,729_4_131_7_3_S700,4,131,9,2049
107,993_186_200_3_4_S951,186,200,40,0
108,1155_2_200_8_1_S1101,2,200,9502,0
109,210_131_200_2_1_S202,131,200,0,0
110,845_4_131_4_3_S812,4,131,4,11
111,489_187_200_7_4_S468,187,200,11,0
112,390_186_156_8_6_S373,186,156,1,7
113,409_2_187_7_4_S392,2,187,5,2635
114,802_156_184_9_6_S769,156,184,2,1
115,1004_186_131_4_4_S962,186,131,3,58
116,949_156_184_4_4_S912,156,184,16,2077
117,839_2_184_3_6_S806,2,184,0,11
118,616_131_187_6_5_S591,131,187,12029,0
119,972_2_186_4_6_S930,2,186,3,7171
120,31_4_156_5_5_S31,4,156,15,69
121,126_2_4_5_2_S122,2,4,0,9711
122,551_186_184_10_4_S530,186,184,0,0
123,169_186_184_5_2_S165,186,184,1,8
124,770_186_187_9_2_S737,186,187,0,0
125,660_187_156_9_7_S635,187,156,0,11
126,507_187_184_1_2_S486,187,184,0,1
127,800_156_184_9_4_S767,156,184,0,0
128,725_4_131_7_10_S696,4,131,6,590
129,1037_184_200_8_10_S995,184,200,11,0
130,1028_184_200_8_1_S986,184,200,2,0
131,299_184_200_6_7_S287,184,200,12700,0
132,198_131_187_4_1_S190,131,187,61,0
133,635_2_187_1_2_S610,2,187,0,1
134,812_2_200_6_5_S779,2,200,2,0
135,484_187_200_4_4_S463,187,200,39,0
136,156_186_184_5_1_S152,186,184,83,7889
137,186_186_131_5_5_S182,186,131,17,3531
138,1067_187_200_2_5_S1018,187,200,10424,0
139,1082_187_184_1_6_S1033,187,184,0,1
140,172_186_184_4_1_S168,186,184,24,1467
141,648_186_187_7_7_S623,186,187,1,1
142,5_4_156_2_4_S5,4,156,1,0
143,164_187_184_5_3_S160,187,184,1,3
144,934_2_187_3_5_S897,2,187,0,2
145,247_2_184_5_3_S239,2,184,0,0
146,1206_186_200_8_6_S1152,186,200,20161,0
147,804_131_184_9_2_S771,131,184,14952,651
148,815_2_200_6_8_S782,2,200,13326,0
149,467_186_184_9_3_S450,186,184,0,2
150,1130_186_200_9_4_S1081,186,200,30,0
151,152_156_200_1_7_S148,156,200,12,0
152,966_4_187_9_6_S924,4,187,6,0
153,421_131_200_6_2_S404,131,200,4526,0
154,254_2_184_5_2_S246,2,184,0,17839
155,866_187_156_10_2_S829,187,156,0,18672
156,502_4_184_5_4_S481,4,184,2,0
157,80_2_4_9_5_S80,2,4,0,216
158,518_2_156_4_1_S497,2,156,0,10
159,984_187_156_7_1_S942,187,156,1,11528
160,1091_2_131_9_4_S1042,2,131,0,19639
161,107_2_156_5_8_S103,2,156,0,1553
162,392_186_156_8_8_S375,186,156,0,13
163,658_187_156_9_5_S633,187,156,0,10
164,1000_186_187_2_6_S958,186,187,7,0
165,939_2_186_9_2_S902,2,186,2,74399
166,556_156_184_6_3_S535,156,184,8,1
167,224_4_184_1_7_S216,4,184,1,0
168,118_131_187_4_8_S114,131,187,1,1
169,231_186_4_8_2_S223,186,4,0,1738
170,604_4_131_6_6_S579,4,131,65,7558
171,1200_131_200_10_3_S1146,131,200,21,0
172,1203_186_200_8_3_S1149,186,200,14192,0
173,700_4_200_1_9_S671,4,200,5062,0
174,137_156_200_1_3_S133,156,200,634,0
175,937_2_187_3_8_S900,2,187,0,100
176,920_187_156_5_5_S883,187,156,0,2
177,524_184_200_7_2_S503,184,200,0,0
178,1117_184_200_9_1_S1068,184,200,17,0
179,601_4_131_6_3_S576,4,131,1076,13680
180,707_2_184_6_3_S678,2,184,0,1699
181,244_186_4_8_3_S236,186,4,0,26
182,1013_131_184_7_3_S971,131,184,4,0
183,71_187_200_5_2_S71,187,200,499,0
184,279_186_156_2_8_S271,186,156,0,10
185,145_156_200_2_6_S141,156,200,7366,0
186,743_2_186_2_4_S714,2,186,61,6869
187,158_186_184_5_4_S154,186,184,1,7060
188,442_184_200_10_3_S425,184,200,8,0
189,819_4_200_3_4_S786,4,200,7,0
190,359_131_156_2_5_S347,131,156,0,0
191,1121_184_200_9_5_S1072,184,200,4,0
192,495_4_200_7_4_S474,4,200,9,0
193,924_2_187_10_1_S887,2,187,0,1
194,873_187_156_10_9_S836,187,156,0,1130
195,1031_184_200_8_4_S989,184,200,2,0
196,679_186_156_1_6_S650,186,156,1,1288
197,138_156_200_1_10_S134,156,200,225,0
198,921_187_156_5_6_S884,187,156,1,6
199,976_4_187_3_2_S934,4,187,5482,0
200,727_4_131_7_2_S698,4,131,12,38
201,946_156_184_4_1_S909,156,184,2555,6
202,270_186_156_10_6_S262,186,156,0,0
203,834_2_184_3_1_S801,2,184,0,4
204,622_186_156_4_3_S597,186,156,0,6
205,590_4_200_8_5_S565,4,200,14567,0
206,113_2_156_5_6_S109,2,156,0,4908
207,625_2_184_2_1_S600,2,184,2,4803
208,857_186_156_5_5_S824,186,156,0,4
209,364_2_156_6_7_S352,2,156,0,723
210,705_2_184_6_2_S676,2,184,0,8249
211,252_186_131_10_1_S244,186,131,1,15895
212,527_156_200_5_1_S506,156,200,13,0
213,659_187_156_9_6_S634,187,156,0,11
214,226_156_184_5_2_S218,156,184,74,9
215,568_131_187_7_2_S547,131,187,4379,8
216,2_4_156_1_5_S2,4,156,3599,14
217,1035_184_200_8_8_S993,184,200,22,0
218,349_4_131_2_4_S337,4,131,91,6037
219,165_187_184_5_1_S161,187,184,0,11
220,907_4_187_7_1_S870,4,187,5373,1
221,728_4_131_7_8_S699,4,131,4,1053
222,881_4_184_2_7_S844,4,184,17,0
223,10_4_156_5_2_S10,4,156,2256,11
224,640_2_187_1_7_S615,2,187,0,37
225,508_187_184_1_3_S487,187,184,0,6
226,229_186_4_8_8_S221,186,4,0,12524
227,1040_131_186_7_3_S998,131,186,57,3
228,225_4_184_1_1_S217,4,184,2,2
229,788_186_200_10_1_S755,186,200,9,0
230,538_186_4_9_3_S517,186,4,0,1
231,643_186_187_7_2_S618,186,187,5329,6
232,963_4_187_9_3_S921,4,187,10,1
233,418_4_184_7_5_S401,4,184,6,2
234,68_187_200_5_4_S68,187,200,19,0
235,428_131_200_4_1_S411,131,200,7,0
236,433_2_184_9_6_S416,2,184,0,1954
237,742_2_186_2_3_S713,2,186,0,3638
238,974_2_186_4_8_S932,2,186,1,20626
239,281_2_184_5_1_S273,2,184,0,7
240,877_4_184_2_3_S840,4,184,48,1954
241,552_2_184_4_8_S531,2,184,0,17
242,821_4_200_3_6_S788,4,200,5,0
243,1059_2_131_2_3_S1010,2,131,0,9
244,301_184_200_7_1_S289,184,200,0,0
245,336_156_184_5_4_S324,156,184,29,251
246,251_186_156_2_5_S243,186,156,0,9578
247,531_156_200_5_5_S510,156,200,7,0
248,964_4_187_9_4_S922,4,187,90,0
249,494_4_200_7_3_S473,4,200,6,0
250,714_2_187_5_1_S685,2,187,0,7104
251,517_2_156_9_7_S496,2,156,0,1
252,312_131_187_8_1_S300,131,187,2196,250
253,488_187_200_7_3_S467,187,200,1,0
254,340_2_200_10_7_S328,2,200,4304,73
255,1177_131_184_6_1_S1123,131,184,2897,4
256,650_186_187_3_1_S625,186,187,15596,0
257,696_4_200_1_5_S667,4,200,9092,0
258,1143_187_184_2_8_S1094,187,184,1,3
259,745_2_186_2_5_S716,2,186,1,14577
260,709_2_184_6_5_S680,2,184,0,8
261,973_2_186_4_7_S931,2,186,0,7985
262,582_2_156_10_4_S557,2,156,0,7
263,315_2_184_5_7_S303,2,184,6,799
264,520_2_156_4_3_S499,2,156,1,26
265,76_187_200_5_1_S76,187,200,276,0
266,402_4_187_10_3_S385,4,187,7,0
267,1189_131_200_3_1_S1135,131,200,12,0
268,120_2_4_5_8_S116,2,4,0,6458
269,933_2_187_3_4_S896,2,187,0,2
270,253_131_156_1_3_S245,131,156,0,0
271,144_156_200_2_1_S140,156,200,3884,0
272,176_186_184_3_3_S172,186,184,0,2
273,451_187_200_7_1_S434,187,200,17,0
274,611_4_131_9_7_S586,4,131,5,2
275,1178_131_184_6_2_S1124,131,184,99,0
276,369_2_156_6_9_S357,2,156,1,3397
277,255_131_156_2_1_S247,131,156,0,0
278,1098_186_131_9_7_S1049,186,131,0,0
279,465_186_184_9_1_S448,186,184,0,8
280,816_4_200_3_1_S783,4,200,10,0
281,40_4_156_4_1_S40,4,156,6,249
282,295_2_4_8_4_S283,2,4,1,10452
283,1030_184_200_8_3_S988,184,200,1,0
284,405_131_187_10_1_S388,131,187,16,1
285,334_186_131_10_3_S322,186,131,0,12915
286,942_2_186_9_5_S905,2,186,0,5
287,785_4_187_6_3_S752,4,187,16,0
288,391_186_156_8_7_S374,186,156,0,54
289,1096_186_131_9_5_S1047,186,131,1,30
290,1170_2_186_8_3_S1116,2,186,0,1
291,746_156_200_6_1_S717,156,200,11923,1
292,131_2_4_7_2_S127,2,4,0,4861
293,1120_184_200_9_4_S1071,184,200,0,0
294,1008_186_131_4_8_S966,186,131,2,8738
295,1201_186_200_8_1_S1147,186,200,9003,0
296,1046_131_186_7_9_S1004,131,186,5552,1
297,298_184_200_6_8_S286,184,200,10653,6
298,317_131_156_1_2_S305,131,156,0,0
299,166_187_184_5_5_S162,187,184,0,8
300,47_4_156_5_6_S47,4,156,3792,37
301,339_2_156_6_1_S327,2,156,7,5429
302,692_186_131_2_7_S663,186,131,0,12370
303,149_186_200_2_2_S145,186,200,5207,0
304,916_187_156_5_1_S879,187,156,0,3
305,30_187_184_5_6_S30,187,184,0,2129
306,1011_131_184_7_1_S969,131,184,2,0
307,868_187_156_10_4_S831,187,156,1,11405
308,241_156_184_5_5_S233,156,184,72,1
309,1016_131_184_7_6_S974,131,184,1,0
310,1114_186_4_5_8_S1065,186,4,0,6
311,1163_2_131_1_1_S1109,2,131,7,29034
312,890_4_131_4_1_S853,4,131,3,16
313,995_186_187_2_1_S953,186,187,4,3
314,646_186_187_7_5_S621,186,187,1,1
315,613_131_187_6_2_S588,131,187,14463,408
316,1105_2_187_6_7_S1056,2,187,0,1
317,778_156_200_10_3_S745,156,200,79,0
318,511_2_156_9_1_S490,2,156,0,0
319,878_4_184_2_4_S841,4,184,3750,98
320,196_131_187_4_7_S188,131,187,762,0
321,734_4_131_7_5_S705,4,131,8,806
322,587_4_200_8_2_S562,4,200,10,0
323,1140_187_184_2_5_S1091,187,184,0,7937
324,630_2_184_2_6_S605,2,184,0,7
325,1033_184_200_8_6_S991,184,200,5550,0
326,1119_184_200_9_3_S1070,184,200,5,0
327,874_4_184_10_10_S837,4,184,2857,2
328,360_184_200_6_4_S348,184,200,5189,2
329,330_186_184_2_7_S318,186,184,130,8018
330,945_2_186_9_8_S908,2,186,2,9375
331,909_4_187_7_3_S872,4,187,11434,1
332,1190_131_200_3_2_S1136,131,200,7,0
333,333_186_200_6_8_S321,186,200,6185,9
334,912_4_187_7_6_S875,4,187,631,0
335,205_131_200_2_9_S197,131,200,4,0
336,67_4_156_10_7_S67,4,156,703,9
337,181_186_131_5_1_S177,186,131,0,7
338,1131_186_200_9_5_S1082,186,200,15,0
339,355_187_156_6_5_S343,187,156,111,3700
340,110_2_156_5_4_S106,2,156,0,197
341,665_186_4_1_2_S640,186,4,1,1
342,1101_2_187_6_3_S1052,2,187,0,0
343,536_186_4_9_1_S515,186,4,0,0
344,157_186_184_5_6_S153,186,184,5,84
345,826_156_200_8_1_S793,156,200,3,0
346,178_186_184_3_6_S174,186,184,0,9
347,841_2_184_3_8_S808,2,184,0,14
348,560_156_184_6_7_S539,156,184,2,0
349,876_4_184_2_2_S839,4,184,23,2983
350,420_4_184_7_3_S403,4,184,740,497
351,183_186_131_5_3_S179,186,131,12,4150
352,1089_2_131_9_2_S1040,2,131,0,17
353,1174_2_186_8_7_S1120,2,186,0,1
354,266_131_156_1_4_S258,131,156,0,0
355,483_187_200_4_3_S462,187,200,14,0
356,910_4_187_7_4_S873,4,187,7,0
357,357_131_156_3_5_S345,131,156,0,0
358,427_131_200_4_2_S410,131,200,39,0
359,638_2_187_1_5_S613,2,187,0,66
360,673_186_156_1_1_S644,186,156,1,5
361,1092_186_131_9_1_S1043,186,131,5,10709
362,174_186_184_4_3_S170,186,184,23,5029
363,424_131_200_4_5_S407,131,200,5,0
364,899_4_184_6_7_S862,4,184,1599,0
365,867_187_156_10_3_S830,187,156,4,1662
366,396_131_187_10_5_S379,131,187,5345,100
367,33_4_156_8_5_S33,4,156,37,3
368,362_184_200_6_3_S350,184,200,5461,6
369,217_186_184_5_6_S209,186,184,0,12638
370,236_2_184_5_4_S228,2,184,0,4
371,1034_184_200_8_7_S992,184,200,8645,0
372,112_2_156_5_5_S108,2,156,0,1618
373,180_186_131_5_10_S176,186,131,1,2739
374,182_186_131_5_9_S178,186,131,2,9
375,482_187_200_4_2_S461,187,200,17,0
376,472_131_156_10_5_S455,131,156,0,0
377,827_156_200_8_2_S794,156,200,10118,1
378,64_4_156_5_9_S64,4,156,5,71
379,1197_131_200_3_9_S1143,131,200,8,0
380,1061_2_131_2_5_S1012,2,131,0,5739
381,22_4_156_5_4_S22,4,156,7,582
382,486_187_200_7_1_S465,187,200,90,0
383,237_156_184_5_7_S229,156,184,3,0
384,596_131_184_10_3_S571,131,184,5,0
385,432_4_184_7_2_S415,4,184,9,4
386,609_4_131_9_5_S584,4,131,4,4
387,549_2_184_4_6_S528,2,184,0,2
388,846_4_131_4_4_S813,4,131,3,11
389,703_2_156_8_2_S674,2,156,1,2866
390,506_187_184_1_1_S485,187,184,0,3
391,1015_131_184_7_5_S973,131,184,31,4
392,89_2_4_7_7_S89,2,4,1,24
393,996_186_187_2_2_S954,186,187,32,13579
394,448_187_200_7_4_S431,187,200,3,0
395,923_187_156_5_8_S886,187,156,0,299
396,562_186_184_10_2_S541,186,184,0,4
397,690_186_131_2_4_S661,186,131,0,2250
398,293_2_4_8_6_S281,2,4,14,2146
399,203_131_187_4_5_S195,131,187,7,0
400,675_186_156_1_2_S646,186,156,0,7
401,240_186_131_10_5_S232,186,131,8,7953
402,617_131_187_6_6_S592,131,187,10312,3
403,348_131_156_2_2_S336,131,156,0,0
404,858_186_156_5_6_S825,186,156,0,0
405,296_2_4_8_2_S284,2,4,334,11690
406,160_186_184_3_7_S156,186,184,141,4947
407,450_187_200_7_2_S433,187,200,2,0
408,528_156_200_5_2_S507,156,200,9254,0
409,306_187_156_6_2_S294,187,156,0,10329
410,50_4_156_8_1_S50,4,156,12,18
411,567_131_187_7_1_S546,131,187,7860,176
412,1041_131_186_7_4_S999,131,186,1047,4
413,52_4_156_1_3_S52,4,156,4872,28
414,125_2_4_5_4_S121,2,4,0,4936
415,724_2_200_9_6_S695,2,200,201,1
416,84_4_156_3_6_S84,4,156,3,2
417,335_131_156_3_6_S323,131,156,0,0
418,1209_186_200_8_9_S1155,186,200,260,0
419,457_131_156_10_1_S440,131,156,0,0
420,889_4_200_5_5_S852,4,200,2568,0
421,901_4_184_4_8_S864,4,184,134,2000
422,685_186_131_2_5_S656,186,131,3,4183
423,505_4_184_5_7_S484,4,184,2,0
424,401_4_187_10_2_S384,4,187,7,0
425,441_184_200_10_4_S424,184,200,6,0
426,1112_186_4_5_6_S1063,186,4,0,1
427,708_2_184_6_4_S679,2,184,20,11523
428,57_4_156_4_3_S57,4,156,1379,801
429,493_4_200_7_2_S472,4,200,4,0
430,1094_186_131_9_3_S1045,186,131,0,3
431,1038_131_186_7_1_S996,131,186,4,0
432,564_131_187_7_6_S543,131,187,11632,35
433,655_187_156_9_2_S630,187,156,0,8
434,1062_2_131_2_6_S1013,2,131,0,2
435,757_4_184_4_1_S728,4,184,305,6284
436,377_186_156_10_7_S365,186,156,0,825
437,699_4_200_1_8_S670,4,200,2702,0
438,1173_2_186_8_6_S1119,2,186,1,1
439,327_156_184_5_6_S315,156,184,357,479
440,885_4_200_5_1_S848,4,200,17,0
441,243_186_4_8_6_S235,186,4,0,4118
442,337_131_187_8_5_S325,131,187,4599,0
443,559_156_184_6_6_S538,156,184,1,0
444,350_4_131_2_3_S338,4,131,242,6315
445,230_131_156_1_5_S222,131,156,0,0
446,1169_2_186_8_2_S1115,2,186,0,4
447,119_2_4_5_6_S115,2,4,0,93
448,773_186_187_9_5_S740,186,187,1453,1
449,220_4_184_1_6_S212,4,184,16,27
450,121_2_4_5_7_S117,2,4,0,21
451,53_4_156_8_1_S53,4,156,2,175
452,837_2_184_3_4_S804,2,184,0,2
453,579_2_156_10_1_S554,2,156,7,3803
454,148_156_200_2_8_S144,156,200,3447,0
455,99_131_156_5_7_S95,131,156,0,0
456,900_4_184_6_3_S863,4,184,8,239
457,1057_2_131_2_1_S1008,2,131,0,123
458,223_4_184_1_2_S215,4,184,7,0
459,1139_187_184_2_4_S1090,187,184,30,20602
460,1036_184_200_8_9_S994,184,200,11,0
461,684_186_131_2_3_S655,186,131,0,7654
462,115_2_156_5_1_S111,2,156,0,564
463,818_4_200_3_3_S785,4,200,5,0
464,597_131_184_10_4_S572,131,184,4,1
465,952_156_184_4_7_S915,156,184,12,321
466,1161_2_131_8_1_S1107,2,131,0,15745
467,814_2_200_6_7_S781,2,200,5,0
468,602_4_131_6_4_S577,4,131,243,10015
469,307_131_187_8_3_S295,131,187,563,61
470,1002_186_131_4_2_S960,186,131,2,8
471,338_131_187_8_8_S326,131,187,9184,4
472,1069_187_200_2_7_S1020,187,200,7,0
473,1111_186_4_5_5_S1062,186,4,0,1
474,914_4_187_7_8_S877,4,187,3928,1
475,400_4_187_10_1_S383,4,187,5,0
476,63_4_156_1_4_S63,4,156,5,326
477,1160_2_200_8_6_S1106,2,200,19794,0
478,1205_186_200_8_5_S1151,186,200,12,0
479,1187_131_184_4_1_S1133,131,184,154,2
480,856_186_156_5_4_S823,186,156,4,15
481,782_156_200_10_7_S749,156,200,14,0
482,733_4_131_7_6_S704,4,131,15,9664
483,399_2_187_7_6_S382,2,187,0,0
484,314_186_156_2_4_S302,186,156,1,378
485,501_4_184_5_3_S480,4,184,7,0
486,123_2_4_5_10_S119,2,4,0,17143
487,59_4_156_3_4_S59,4,156,1426,16
488,294_2_4_8_3_S282,2,4,0,4357
489,1208_186_200_8_10_S1154,186,200,22,0
490,1095_186_131_9_4_S1046,186,131,4,11
491,634_2_187_1_1_S609,2,187,0,0
492,497_4_200_7_6_S476,4,200,26,0
493,540_186_4_9_5_S519,186,4,2,2
494,66_4_156_4_4_S66,4,156,91,56
495,1021_2_186_6_1_S979,2,186,0,1
496,361_186_184_6_1_S349,186,184,11,4246
497,730_4_131_7_9_S701,4,131,709,11303
498,731_4_131_7_4_S702,4,131,60,2065
499,316_2_200_10_4_S304,2,200,7,0
500,836_2_184_3_3_S803,2,184,0,1
501,592_4_200_8_7_S567,4,200,7309,0
502,372_186_156_10_8_S360,186,156,8,3710
503,627_2_184_2_3_S602,2,184,0,5250
504,848_4_131_4_6_S815,4,131,0,1
505,525_184_200_7_3_S504,184,200,3,0
506,711_131_187_1_1_S682,131,187,3918,0
507,447_187_200_7_5_S430,187,200,5,0
508,234_131_156_3_4_S226,131,156,0,0
509,686_186_131_2_8_S657,186,131,5,4
510,618_131_187_6_7_S593,131,187,13637,0
511,1078_187_184_1_2_S1029,187,184,2,1
512,455_2_184_9_4_S438,2,184,0,5
513,1084_186_4_10_1_S1035,186,4,1,4189
514,9_4_156_9_3_S9,4,156,5,9
515,823_4_200_3_8_S790,4,200,5,0
516,680_186_156_1_7_S651,186,156,0,7174
517,790_186_200_10_3_S757,186,200,2,0
518,882_4_184_2_8_S845,4,184,4164,120
519,387_186_156_8_3_S370,186,156,0,13
520,292_2_4_8_1_S280,2,4,0,11400
521,151_156_200_1_5_S147,156,200,3900,0
522,347_131_156_3_2_S335,131,156,0,0
523,662_187_156_9_9_S637,187,156,2,3524
524,212_131_200_7_5_S204,131,200,0,0
525,641_2_187_1_8_S616,2,187,20,7494
526,1193_131_200_3_5_S1139,131,200,5,0
527,992_186_200_3_3_S950,186,200,23,0
528,1182_131_184_6_6_S1128,131,184,521,5
529,779_156_200_10_4_S746,156,200,9583,0
530,485_187_200_4_5_S464,187,200,26,0
531,740_2_186_2_1_S711,2,186,9,9669
532,606_4_131_9_2_S581,4,131,2,6
533,664_186_4_1_1_S639,186,4,139,34
534,806_131_184_9_3_S773,131,184,9,1
535,851_4_131_4_8_S818,4,131,25,1912
536,309_131_156_3_1_S297,131,156,0,0
537,404_4_187_10_5_S387,4,187,8,0
538,739_186_187_10_5_S710,186,187,20,16
539,194_186_131_5_4_S186,186,131,0,5
540,373_186_4_8_9_S361,186,4,0,112
541,8_4_156_8_5_S8,4,156,2160,8
542,280_156_184_7_4_S272,156,184,4,4
543,116_2_156_5_7_S112,2,156,0,4
544,469_131_156_10_2_S452,131,156,0,0
545,320_2_156_6_4_S308,2,156,0,5502
546,716_2_187_5_3_S687,2,187,0,1
547,1107_186_4_5_1_S1058,186,4,0,16
548,988_187_156_7_5_S946,187,156,1,4
549,515_2_156_9_5_S494,2,156,0,20
550,651_186_187_3_2_S626,186,187,20224,1
551,565_131_187_7_5_S544,131,187,5,0
552,370_131_156_3_4_S358,131,156,0,0
553,275_156_184_7_5_S267,156,184,2448,5
554,43_2_4_7_9_S43,2,4,0,26
555,776_156_200_10_1_S743,156,200,0,0
556,830_156_200_8_5_S797,156,200,10,0
557,723_2_200_9_5_S694,2,200,7,0
558,904_186_187_3_2_S867,186,187,2,0
559,755_131_184_5_4_S726,131,184,198,2
560,832_156_200_8_7_S799,156,200,24,0
561,833_156_200_8_8_S800,156,200,19,0
562,435_187_200_9_2_S418,187,200,6,0
563,1106_2_187_6_8_S1057,2,187,0,0
564,81_2_4_9_6_S81,2,4,0,818
565,267_131_156_1_1_S259,131,156,0,0
566,36_4_156_8_7_S36,4,156,15,5
567,1126_184_200_9_10_S1077,184,200,0,0
568,828_156_200_8_3_S795,156,200,26,0
569,548_2_184_4_5_S527,2,184,0,0
570,11_4_156_10_6_S11,4,156,1,4
571,246_2_184_5_6_S238,2,184,0,1
572,644_186_187_7_3_S619,186,187,12122,2
573,875_4_184_2_1_S838,4,184,5447,243
574,936_2_187_3_7_S899,2,187,13,8404
575,911_4_187_7_5_S874,4,187,8199,0
576,1175_2_186_8_8_S1121,2,186,0,1
577,537_186_4_9_2_S516,186,4,0,0
578,1165_2_131_1_3_S1111,2,131,0,36
579,269_186_156_10_10_S261,186,156,1,10
580,233_156_184_7_3_S225,156,184,10697,1
581,1186_131_184_6_9_S1132,131,184,187,5
582,789_186_200_10_2_S756,186,200,1,0
583,546_2_184_4_3_S525,2,184,0,1
584,895_4_184_6_5_S858,4,184,1,1
585,608_4_131_9_4_S583,4,131,4,1
586,512_2_156_9_2_S491,2,156,0,0
587,366_184_200_6_10_S354,184,200,300,1
588,39_4_156_2_7_S39,4,156,25,21
589,1179_131_184_6_3_S1125,131,184,17215,0
590,980_4_187_3_6_S938,4,187,1224,1
591,847_4_131_4_5_S814,4,131,1,6
592,395_2_187_7_1_S378,2,187,2,3659
593,931_2_187_3_2_S894,2,187,0,2
594,542_186_4_9_7_S521,186,4,0,3
595,202_131_187_4_9_S194,131,187,3,1
596,632_2_184_2_8_S607,2,184,0,6
597,97_131_156_5_8_S93,131,156,0,0
598,586_4_200_8_1_S561,4,200,8,0
599,108_2_156_5_10_S104,2,156,0,1962
600,268_156_184_5_1_S260,156,184,1,3
601,27_4_156_1_7_S27,4,156,1417,19
602,1156_2_200_8_2_S1102,2,200,10800,0
603,1010_186_131_4_10_S968,186,131,0,4
604,554_156_184_10_5_S533,156,184,2,1
605,12_4_156_1_6_S12,4,156,2,1
606,1012_131_184_7_2_S970,131,184,2,0
607,69_4_156_3_9_S69,4,156,6,108
608,140_156_200_1_6_S136,156,200,10,0
609,302_131_187_8_2_S290,131,187,15967,21
610,943_2_186_9_6_S906,2,186,0,2033
611,256_2_184_5_8_S248,2,184,0,26
612,175_186_184_3_4_S171,186,184,0,13117
613,1039_131_186_7_2_S997,131,186,77,19
614,258_186_4_8_4_S250,186,4,0,73
615,1086_4_187_1_2_S1037,4,187,5,0
616,825_4_200_3_10_S792,4,200,4,0
617,1191_131_200_3_3_S1137,131,200,11,0
618,903_186_187_3_1_S866,186,187,7,42
619,1166_2_131_1_4_S1112,2,131,0,13
620,555_156_184_6_2_S534,156,184,3,1
621,171_186_184_4_2_S167,186,184,28,6643
622,410_131_184_8_4_S393,131,184,4,0
623,969_2_186_4_3_S927,2,186,0,965
624,77_2_4_10_7_S77,2,4,0,2020
625,82_2_4_9_7_S82,2,4,0,52
626,470_131_156_10_3_S453,131,156,0,0
627,245_4_131_2_5_S237,4,131,4,8
628,474_131_156_10_7_S457,131,156,0,0
629,550_2_184_4_7_S529,2,184,1,3
630,282_4_131_2_2_S274,4,131,1,0
631,310_2_156_6_2_S298,2,156,0,434
632,162_187_184_5_8_S158,187,184,754,3249
633,780_156_200_10_5_S747,156,200,5829,2
634,1159_2_200_8_5_S1105,2,200,13579,0
635,1063_187_200_2_1_S1014,187,200,2446,0
636,1001_186_131_4_1_S959,186,131,1,8
637,504_4_184_5_6_S483,4,184,12,10520
638,342_2_200_10_2_S330,2,200,899,14
639,1044_131_186_7_7_S1002,131,186,9028,4
640,922_187_156_5_7_S885,187,156,5,493
641,774_186_187_9_6_S741,186,187,0,0
642,354_2_156_6_6_S342,2,156,0,614
643,304_156_184_7_3_S292,156,184,8333,48
644,1128_186_200_9_2_S1079,186,200,34,0
645,1167_2_131_1_5_S1113,2,131,0,27
646,1196_131_200_3_8_S1142,131,200,3,0
647,621_186_156_4_2_S596,186,156,0,14
648,663_187_156_9_10_S638,187,156,1,9526
649,712_131_187_1_2_S683,131,187,7844,1
650,206_131_200_2_7_S198,131,200,8,0
651,844_4_131_4_2_S811,4,131,1,10
652,58_4_156_8_2_S58,4,156,18,1401
653,989_187_156_7_6_S947,187,156,2,4
654,928_2_187_10_5_S891,2,187,0,1
655,986_187_156_7_3_S944,187,156,0,8
656,687_186_131_2_9_S658,186,131,2,15
657,195_186_131_5_7_S187,186,131,0,3192
658,983_4_187_3_9_S941,4,187,16,0
659,720_2_200_9_3_S691,2,200,1552,13
660,492_4_200_7_1_S471,4,200,11049,0
661,777_156_200_10_2_S744,156,200,2,0
662,460_186_184_9_5_S443,186,184,0,2
663,775_186_187_9_7_S742,186,187,0,1
664,642_186_187_7_1_S617,186,187,1,1
665,218_4_184_1_4_S210,4,184,28,14637
666,215_186_184_5_2_S207,186,184,0,7
667,1137_187_184_2_2_S1088,187,184,0,0
668,1158_2_200_8_4_S1104,2,200,24396,246
669,250_186_131_10_2_S242,186,131,0,8
670,581_2_156_10_3_S556,2,156,1,7
671,146_156_200_2_4_S142,156,200,13,0
672,585_2_156_10_7_S560,2,156,0,17
673,1210_186_200_8_8_S1156,186,200,58,0
674,772_186_187_9_4_S739,186,187,4,0
675,431_4_184_7_1_S414,4,184,5,1
676,762_4_184_4_5_S733,4,184,382,1777
677,751_156_200_6_5_S722,156,200,5953,0
678,208_131_200_2_3_S200,131,200,12,0
679,375_186_4_8_1_S363,186,4,0,1331
680,759_4_184_4_3_S730,4,184,1520,4493
681,388_186_156_8_4_S371,186,156,0,14
682,1133_186_200_9_7_S1084,186,200,24,0
683,449_187_200_7_3_S432,187,200,4,0
684,539_186_4_9_4_S518,186,4,0,11
685,461_156_184_8_3_S444,156,184,2,1
686,1079_187_184_1_3_S1030,187,184,19580,7
687,1073_187_200_8_1_S1024,187,200,16,0
688,674_186_156_1_5_S645,186,156,2,19
689,1164_2_131_1_2_S1110,2,131,1,4684
690,689_186_131_2_10_S660,186,131,0,29
691,769_186_187_9_1_S736,186,187,11195,1
692,415_4_187_10_7_S398,4,187,9,0
693,905_186_187_3_3_S868,186,187,1,1
694,693_4_200_1_2_S664,4,200,7097,0
695,197_131_187_4_3_S189,131,187,542,0
696,1045_131_186_7_8_S1003,131,186,11942,1
697,389_186_156_8_5_S372,186,156,0,13
698,49_4_156_4_2_S49,4,156,3298,29
699,41_4_156_10_8_S41,4,156,7234,29
700,4_4_156_5_1_S4,4,156,2,10
701,305_131_200_7_2_S293,131,200,3553,0
702,201_131_187_4_2_S193,131,187,2,0
703,521_2_156_4_4_S500,2,156,0,8
704,544_2_184_4_1_S523,2,184,0,5
705,414_4_187_10_8_S397,4,187,3,0
706,1157_2_200_8_3_S1103,2,200,24,0
707,1071_187_200_2_9_S1022,187,200,11,0
708,466_186_184_9_2_S449,186,184,0,5
709,398_2_187_7_5_S381,2,187,0,0
710,624_186_156_4_5_S599,186,156,0,6
711,599_4_131_6_1_S574,4,131,3,5
712,139_156_200_1_2_S135,156,200,10683,0
713,352_186_184_2_11_S340,186,184,0,3417
714,698_4_200_1_7_S669,4,200,11,0
715,566_186_184_10_7_S545,186,184,3,6652
716,437_2_184_9_1_S420,2,184,0,7
717,887_4_200_5_3_S850,4,200,211,0
718,871_187_156_10_7_S834,187,156,0,7
719,1134_186_200_9_8_S1085,186,200,5,0
720,600_4_131_6_2_S575,4,131,2,2
721,496_4_200_7_5_S475,4,200,26,0
722,185_186_131_5_8_S181,186,131,12,768
723,1074_187_200_8_2_S1025,187,200,0,0
724,1032_184_200_8_5_S990,184,200,15,0
725,134_2_4_5_3_S130,2,4,0,6356
726,1118_184_200_9_2_S1069,184,200,47,0
727,925_2_187_10_2_S888,2,187,0,349
728,749_156_200_6_4_S720,156,200,2365,0
729,981_4_187_3_7_S939,4,187,264,1
730,106_131_156_5_6_S102,131,156,0,0
731,238_186_131_10_6_S230,186,131,0,4
732,1184_131_184_6_8_S1130,131,184,11,1
733,760_4_184_4_2_S731,4,184,3068,662
734,654_187_156_9_1_S629,187,156,0,809
735,423_131_200_4_6_S406,131,200,13,0
736,100_131_156_5_3_S96,131,156,0,0
737,278_156_184_5_3_S270,156,184,13971,2
738,1006_186_131_4_6_S964,186,131,5,3
739,534_156_200_5_8_S513,156,200,2,0
740,260_186_156_10_9_S252,186,156,0,1
741,710_2_184_6_6_S681,2,184,0,1473
742,153_186_184_5_3_S149,186,184,0,26
743,74_187_200_5_3_S74,187,200,178,0
744,23_4_156_2_2_S23,4,156,2,4
745,87_2_4_10_2_S87,2,4,0,1834
746,514_2_156_9_4_S493,2,156,0,3
747,1125_184_200_9_9_S1076,184,200,1,0
748,79_2_4_10_3_S79,2,4,0,23
749,16_4_156_2_3_S16,4,156,3,2
750,1080_187_184_1_4_S1031,187,184,0,11
751,503_4_184_5_5_S482,4,184,18,0
752,128_2_4_7_6_S124,2,4,0,9
753,98_131_156_5_4_S94,131,156,0,0
754,968_2_186_4_2_S926,2,186,0,169
755,1018_131_184_7_8_S976,131,184,2,0
756,35_4_156_3_1_S35,4,156,20,2168
757,15_4_156_5_3_S15,4,156,187,242
758,1068_187_200_2_6_S1019,187,200,27,0
759,38_4_156_5_7_S38,4,156,12,4420
760,886_4_200_5_2_S849,4,200,16946,0
761,927_2_187_10_4_S890,2,187,0,10
762,1132_186_200_9_6_S1083,186,200,22,0
763,394_2_187_7_2_S377,2,187,0,10896
764,51_4_156_3_3_S51,4,156,6705,43
765,811_2_200_6_4_S778,2,200,5,0
766,1066_187_200_2_4_S1017,187,200,7422,0
767,719_2_200_9_2_S690,2,200,7,0
768,311_2_156_6_3_S299,2,156,2,16555
769,636_2_187_1_3_S611,2,187,1,0
770,1093_186_131_9_2_S1044,186,131,1,7
771,953_156_184_4_8_S916,156,184,2,0
772,563_186_184_10_3_S542,186,184,0,9
773,561_186_184_10_1_S540,186,184,0,2
774,1204_186_200_8_4_S1150,186,200,8576,0
775,893_186_200_4_2_S856,186,200,7,0
776,695_4_200_1_4_S666,4,200,210,0
777,1047_131_186_7_10_S1005,131,186,9,0
778,55_4_156_5_8_S55,4,156,4693,23
779,998_186_187_2_4_S956,186,187,26928,0
780,425_131_200_4_4_S408,131,200,3,0
781,649_186_187_7_8_S624,186,187,3102,68
782,239_131_156_3_1_S231,131,156,0,0
783,1192_131_200_3_4_S1138,131,200,10,0
784,1168_2_186_8_1_S1114,2,186,0,2
785,1183_131_184_6_7_S1129,131,184,373,1
786,580_2_156_10_2_S555,2,156,0,7
787,798_156_184_9_2_S765,156,184,2,0
788,124_2_4_5_5_S120,2,4,1,6012
789,1172_2_186_8_5_S1118,2,186,0,0
790,982_4_187_3_8_S940,4,187,10,2
791,259_186_156_10_5_S251,186,156,0,1890
792,412_131_184_8_2_S395,131,184,3,0
793,127_2_4_5_1_S123,2,4,0,14847
794,209_131_200_2_6_S201,131,200,6152,0
795,843_4_131_4_1_S810,4,131,6,17
796,741_2_186_2_2_S712,2,186,4,15772
797,277_186_156_2_7_S269,186,156,0,14051
798,1113_186_4_5_7_S1064,186,4,0,1
799,101_131_156_5_2_S97,131,156,0,0
800,822_4_200_3_7_S789,4,200,2,0
801,516_2_156_9_6_S495,2,156,40,11191
802,406_131_187_10_2_S389,131,187,7975,60
803,1064_187_200_2_2_S1015,187,200,5,0
804,219_4_184_1_5_S211,4,184,3324,812
805,419_4_184_7_4_S402,4,184,6,2
806,1005_186_131_4_5_S963,186,131,0,182
807,605_4_131_9_1_S580,4,131,1,3
808,72_4_156_3_8_S72,4,156,4,68
809,481_187_200_4_1_S460,187,200,11415,18
810,799_156_184_9_3_S766,156,184,1,2
811,235_186_156_2_1_S227,186,156,1,4139
812,184_186_131_5_2_S180,186,131,9,324
813,1076_187_200_8_4_S1027,187,200,2,0
814,578_186_184_1_2_S553,186,184,1992,5202
815,104_131_156_5_5_S100,131,156,0,0
816,529_156_200_5_3_S508,156,200,6,0
817,103_131_156_5_9_S99,131,156,0,0
818,598_131_184_10_5_S573,131,184,4,1
819,1154_2_200_4_1_S1100,2,200,6016,0
820,453_2_184_9_2_S436,2,184,0,5
821,168_187_184_5_9_S164,187,184,0,7
822,376_186_156_10_2_S364,186,156,121,1299
823,530_156_200_5_4_S509,156,200,8,0
824,62_4_156_2_5_S62,4,156,8,1077
825,829_156_200_8_4_S796,156,200,14,0
826,681_186_156_1_8_S652,186,156,0,3644
827,1085_4_187_1_1_S1036,4,187,1490,0
828,615_131_187_6_4_S590,131,187,18056,0
829,732_4_131_7_7_S703,4,131,11,3837
830,706_2_184_6_3_S677,2,184,21,2080
831,869_187_156_10_5_S832,187,156,0,10
832,26_4_156_10_4_S26,4,156,1133,402
833,351_184_2___6_1_S339,184,2,4062,0
834,754_131_184_5_3_S725,131,184,11510,0
835,300_184_200_6_5_S288,184,200,7170,4
836,1142_187_184_2_7_S1093,187,184,0,1
837,407_131_187_10_3_S390,131,187,4,0
838,227_131_156_2_7_S219,131,156,0,0
839,83_2_4_9_8_S83,2,4,0,197
840,639_2_187_1_6_S614,2,187,0,0
841,656_187_156_9_3_S631,187,156,0,9
842,666_186_4_1_3_S641,186,4,4,5
843,221_4_184_1_3_S213,4,184,16,3
844,558_156_184_6_5_S537,156,184,0,0
845,332_186_184_2_3_S320,186,184,0,5279
846,985_187_156_7_2_S943,187,156,0,4
847,1042_131_186_7_5_S1000,131,186,16,2
848,842_2_184_3_9_S809,2,184,0,10
849,1124_184_200_9_8_S1075,184,200,5,0
850,297_184_200_6_9_S285,184,200,3835,4
851,913_4_187_7_7_S876,4,187,20228,1
852,926_2_187_10_3_S889,2,187,0,8
853,908_4_187_7_2_S871,4,187,18994,0
854,1003_186_131_4_3_S961,186,131,4,28
855,1081_187_184_1_5_S1032,187,184,0,8
856,117_4_184_1_8_S113,4,184,5223,1330
857,1153_2_200_2_1_S1099,2,200,227,0
858,161_186_184_3_9_S157,186,184,0,9127
859,879_4_184_2_5_S842,4,184,11248,187
860,20_4_156_8_6_S20,4,156,3745,90
861,422_131_200_6_1_S405,131,200,8,0
862,918_187_156_5_3_S881,187,156,0,26
863,29_2_4_7_3_S29,2,4,2,3068
864,631_2_184_2_7_S606,2,184,0,3
865,356_131_156_3_3_S344,131,156,0,0
866,135_156_200_1_9_S131,156,200,6170,0
867,1090_2_131_9_3_S1041,2,131,0,10
868,13_4_156_10_1_S13,4,156,4,2
869,951_156_184_4_6_S914,156,184,1583,1
870,326_186_131_10_4_S314,186,131,13,12418
871,368_2_200_10_1_S356,2,200,6757,60
872,702_2_156_8_1_S673,2,156,2,2294
873,543_186_4_9_8_S522,186,4,0,7
874,60_4_156_9_4_S60,4,156,10,16
875,18_4_156_10_2_S18,4,156,3478,13
876,713_131_187_1_3_S684,131,187,3166,0
877,136_156_200_1_8_S132,156,200,4882,0
878,393_2_187_7_3_S376,2,187,0,7
879,941_2_186_9_4_S904,2,186,2,13885
880,1029_184_200_8_2_S987,184,200,3,0
881,1075_187_200_8_3_S1026,187,200,5,0
882,1088_2_131_9_1_S1039,2,131,0,10386
883,784_4_187_6_2_S751,4,187,18,0
884,547_2_184_4_4_S526,2,184,0,3
885,321_131_187_8_9_S309,131,187,8884,6
886,1135_186_200_9_9_S1086,186,200,6,0
887,468_186_184_9_4_S451,186,184,0,1981
888,1070_187_200_2_8_S1021,187,200,20,0
889,213_131_200_2_4_S205,131,200,1,0
890,682_186_131_2_1_S653,186,131,0,7689
891,748_156_200_6_3_S719,156,200,1765,1
892,1185_131_184_6_10_S1131,131,184,163,6
893,978_4_187_3_4_S936,4,187,3,1
894,318_4_131_2_1_S306,4,131,22,767
895,290_2_4_8_7_S278,2,4,1,11398
896,1144_187_184_2_9_S1095,187,184,0,7
897,105_131_156_5_10_S101,131,156,0,0
898,1188_131_200_4_2_S1134,131,200,3598,0
899,216_186_184_5_8_S208,186,184,3,13947
900,7_4_156_4_5_S7,4,156,49,1
901,417_4_184_7_6_S400,4,184,11,2
902,122_2_4_5_9_S118,2,4,0,12
903,1122_184_200_9_6_S1073,184,200,0,0
904,1026_2_186_6_6_S984,2,186,0,0
905,1043_131_186_7_6_S1001,131,186,14,5
906,610_4_131_9_6_S585,4,131,5,1
907,1176_2_186_8_9_S1122,2,186,0,2
908,683_186_131_2_2_S654,186,131,0,2231
909,1145_187_184_2_10_S1096,187,184,0,0
910,179_186_184_3_8_S175,186,184,9,269
911,371_131_156_3_5_S359,131,156,0,0
912,577_186_184_1_1_S552,186,184,630,6584
913,865_187_156_10_1_S828,187,156,1,24
914,838_2_184_3_5_S805,2,184,0,1
915,803_131_184_9_1_S770,131,184,16,9119
916,902_4_184_4_9_S865,4,184,21,24
917,1136_187_184_2_1_S1087,187,184,0,2
918,629_2_184_2_5_S604,2,184,0,4
919,37_4_156_9_5_S37,4,156,12,16
920,403_4_187_10_4_S386,4,187,30,1
921,1099_2_187_6_1_S1050,2,187,0,0
922,817_4_200_3_2_S784,4,200,10,0
923,888_4_200_5_4_S851,4,200,64,0
924,510_187_184_1_5_S489,187,184,0,1
925,1024_2_186_6_4_S982,2,186,0,0
926,14_4_156_9_2_S14,4,156,1,29
927,569_131_187_7_3_S548,131,187,11150,40
928,102_131_156_5_1_S98,131,156,0,0
929,177_186_184_3_5_S173,186,184,66,1853
930,570_131_187_7_4_S549,131,187,0,0
931,594_131_184_10_1_S569,131,184,8,0
932,261_186_4_8_10_S253,186,4,0,1
933,593_4_200_8_8_S568,4,200,13,0
934,620_186_156_4_1_S595,186,156,0,8
935,426_131_200_4_3_S409,131,200,3,0
936,150_156_200_2_5_S146,156,200,8832,0
937,661_187_156_9_8_S636,187,156,29,7705
938,1138_187_184_2_3_S1089,187,184,1,9
939,717_2_187_5_4_S688,2,187,0,0
940,143_156_200_1_4_S139,156,200,1901,0
941,319_187_156_6_3_S307,187,156,60,6135
942,129_2_4_10_3_S125,2,4,1,10986
943,154_186_184_3_2_S150,186,184,55,6749
944,532_156_200_5_6_S511,156,200,39,0
945,891_4_131_4_2_S854,4,131,2,7
946,805_131_184_9_2_S772,131,184,6,2
947,872_187_156_10_8_S835,187,156,1,15
948,193_186_131_5_6_S185,186,131,0,7
949,132_2_4_7_3_S128,2,4,1,6151
950,797_156_184_9_1_S764,156,184,6,2
951,430_131_184_8_7_S413,131,184,12,1
952,721_2_200_9_4_S692,2,200,10,0
953,408_131_187_10_4_S391,131,187,4514,1
954,809_2_200_6_2_S776,2,200,14,0
955,443_184_200_10_2_S426,184,200,1,0
956,498_4_200_7_7_S477,4,200,4,0
957,1087_4_187_1_3_S1038,4,187,1,1
958,48_4_156_2_6_S48,4,156,1347,1008
959,652_186_187_3_3_S627,186,187,11412,0
960,950_156_184_4_5_S913,156,184,1124,6
961,434_187_200_9_1_S417,187,200,12,0
962,1020_186_187_5_2_S978,186,187,5,5088
963,344_187_184_6_2_S332,187,184,211,4963
964,343_2_156_6_5_S331,2,156,1,2570
965,264_131_156_2_3_S256,131,156,0,0
966,1195_131_200_3_7_S1141,131,200,26,0
967,961_4_187_9_1_S919,4,187,4700,0
968,490_187_200_7_5_S469,187,200,5,0
969,1065_187_200_2_3_S1016,187,200,371,0
970,1181_131_184_6_5_S1127,131,184,159,3
971,970_2_186_4_4_S928,2,186,0,7344
972,787_4_187_6_5_S754,4,187,2,0
973,56_4_156_2_9_S56,4,156,10,469
974,345_184_200_6_2_S333,184,200,4289,5
975,940_2_186_9_3_S903,2,186,0,11
976,1110_186_4_5_4_S1061,186,4,0,3
977,533_156_200_5_7_S512,156,200,14,0
978,341_186_184_2_4_S329,186,184,2,64
979,46_2_4_9_3_S46,2,4,0,750
980,756_131_184_5_5_S727,131,184,6467,1
981,553_156_184_6_1_S532,156,184,1,2
982,750_156_200_6_6_S721,156,200,7955,0
983,25_4_156_10_3_S25,4,156,14,28
984,831_156_200_8_6_S798,156,200,17,0
985,1072_187_200_2_10_S1023,187,200,15,0
986,677_186_156_1_4_S648,186,156,1,452
987,141_156_200_2_7_S137,156,200,6953,0
988,436_187_200_9_3_S419,187,200,10,0
989,1023_2_186_6_3_S981,2,186,0,1
990,781_156_200_10_6_S748,156,200,11,0
991,523_184_200_7_1_S502,184,200,0,0
992,948_156_184_4_3_S911,156,184,3,731
993,454_2_184_9_3_S437,2,184,0,3
994,78_2_4_10_6_S78,2,4,0,1613
995,1207_186_200_8_7_S1153,186,200,9337,0
996,367_186_184_2_2_S355,186,184,117,3149
997,44_4_156_1_2_S44,4,156,5223,441
998,331_186_184_2_6_S319,186,184,8,2436
999,353_2_200_10_3_S341,2,200,8014,129
1000,473_131_156_10_6_S456,131,156,0,0
1001,471_131_156_10_4_S454,131,156,0,0
1002,898_4_184_6_1_S861,4,184,6,71
1003,595_131_184_10_2_S570,131,184,6904,449
1004,718_2_200_9_1_S689,2,200,13,0
1005,1060_2_131_2_4_S1011,2,131,0,4684
1006,111_2_156_5_9_S107,2,156,0,91
1007,1017_131_184_7_7_S975,131,184,2,0
1008,85_2_4_9_4_S85,2,4,0,6439
1009,265_156_184_5_8_S257,156,184,14907,1
1010,274_186_156_2_5_S266,186,156,0,1
1011,637_2_187_1_4_S612,2,187,0,52
1012,446_156_184_8_1_S429,156,184,1,0
1013,938_2_186_9_1_S901,2,186,1,5896
1014,619_131_187_6_8_S594,131,187,6,0
1015,170_186_184_4_5_S166,186,184,3,9
1016,747_156_200_6_2_S718,156,200,9352,0
1017,17_4_156_8_3_S17,4,156,1,410
1018,273_2_184_5_5_S265,2,184,0,2
1019,691_186_131_2_6_S662,186,131,0,50
1020,42_4_156_3_2_S42,4,156,4214,25
1021,159_186_184_3_1_S155,186,184,1,25
1022,807_131_184_9_4_S774,131,184,26,2
1023,880_4_184_2_6_S843,4,184,1502,0
1024,892_186_200_4_1_S855,186,200,625,0
1025,199_131_187_4_10_S191,131,187,0,0
1026,291_2_4_8_8_S279,2,4,1,13943
1027,1141_187_184_2_6_S1092,187,184,0,0
1028,6_4_156_10_5_S6,4,156,1116,9
1029,645_186_187_7_4_S620,186,187,6,2
1030,840_2_184_3_7_S807,2,184,0,17
1031,358_131_156_3_3_S346,131,156,0,0
1032,589_4_200_8_4_S564,4,200,15188,0
1033,163_187_184_5_7_S159,187,184,445,3913
1034,612_131_187_6_1_S587,131,187,4,0
1035,1102_2_187_6_4_S1053,2,187,0,2
1036,276_156_184_7_1_S268,156,184,70,7448
1037,557_156_184_6_4_S536,156,184,5,1
1038,70_187_200_5_5_S70,187,200,61,0
1039,979_4_187_3_5_S937,4,187,40,21
1040,783_4_187_6_1_S750,4,187,21,0
1041,944_2_186_9_7_S907,2,186,1,5
1042,214_131_200_2_2_S206,131,200,3,0
1043,167_187_184_5_4_S163,187,184,20,2376
1044,633_2_184_2_9_S608,2,184,1,8
1045,917_187_156_5_2_S880,187,156,0,2
1046,1009_186_131_4_9_S967,186,131,3,5
1047,325_131_156_3_7_S313,131,156,0,0
1048,130_2_4_7_1_S126,2,4,0,23
1049,1202_186_200_8_2_S1148,186,200,6327,0
1050,397_131_184_8_5_S380,131,184,4994,0
1051,1027_2_186_6_7_S985,2,186,0,1
1052,386_186_156_8_2_S369,186,156,2,18
1053,262_186_156_10_3_S254,186,156,0,2
1054,701_4_200_1_10_S672,4,200,492,0
1055,688_4_200_1_1_S659,4,200,5528,0
1056,257_131_156_2_8_S249,131,156,0,0
1057,438_184_200_10_7_S421,184,200,5,0
1058,583_2_156_10_5_S558,2,156,0,523
1059,997_186_187_2_3_S955,186,187,16527,0
1060,1116_156_200_9_1_S1067,156,200,6,0
1061,28_4_156_1_1_S28,4,156,56,54
1062,744_2_186_2_6_S715,2,186,5,15858
1063,735_186_187_10_1_S706,186,187,14310,57
1064,271_131_156_2_6_S263,131,156,0,0
1065,1014_131_184_7_4_S972,131,184,2,0
1066,90_2_4_9_1_S90,2,4,1,10864
1067,1025_2_186_6_5_S983,2,186,0,0
1068,967_2_186_4_1_S925,2,186,0,4
1069,413_131_184_8_1_S396,131,184,1,0
1070,147_156_200_2_3_S143,156,200,15955,0
1071,440_184_200_10_5_S423,184,200,6,0
1072,678_186_156_1_5_S649,186,156,0,5234
1073,207_131_200_2_8_S199,131,200,500,0
1074,852_4_131_4_9_S819,4,131,40,838
1075,133_2_4_7_4_S129,2,4,0,18
1076,947_156_184_4_2_S910,156,184,15,3136
1077,444_184_200_10_1_S427,184,200,16,0
1078,607_4_131_9_3_S582,4,131,4,3
1079,715_2_187_5_2_S686,2,187,1,31
1080,1019_186_187_5_1_S977,186,187,1,1
1081,323_2_200_10_5_S311,2,200,12030,297
1082,1123_184_200_9_7_S1074,184,200,4,0
1083,303_187_156_6_1_S291,187,156,0,8984
1084,694_4_200_1_3_S665,4,200,384,0
1085,142_156_200_1_1_S138,156,200,8354,0
1086,1100_2_187_6_2_S1051,2,187,0,0
1087,676_186_156_1_3_S647,186,156,0,3
1088,463_156_184_8_5_S446,156,184,9,4
1089,906_186_187_3_4_S869,186,187,3,305
1090,991_186_200_3_2_S949,186,200,38,0
1091,1_4_156_8_4_S1,4,156,1,17
1092,929_2_187_10_6_S892,2,187,0,3
1093,1077_187_184_1_1_S1028,187,184,0,1
1094,883_4_184_2_9_S846,4,184,2,36
1095,459_186_184_9_6_S442,186,184,0,4
1096,328_2_156_6_8_S316,2,156,2,6067
1097,849_4_131_4_7_S816,4,131,3,9
1098,626_2_184_2_2_S601,2,184,35,7430
1099,365_186_156_2_2_S353,186,156,86,1874
1100,1199_131_200_10_2_S1145,131,200,6,0
1101,462_156_184_8_4_S445,156,184,2,0
1102,653_186_187_3_4_S628,186,187,179,1
1103,24_4_156_8_4_S24,4,156,3,2
1104,850_4_131_4_10_S817,4,131,3,2
1105,971_2_186_4_5_S929,2,186,1,3696
1106,416_4_187_10_6_S399,4,187,141,0
1107,114_2_156_5_3_S110,2,156,0,2549
1108,591_4_200_8_6_S566,4,200,12934,0
1109,835_2_184_3_2_S802,2,184,0,2
1110,853_186_156_5_1_S820,186,156,0,18
1111,232_131_156_3_3_S224,131,156,0,0
1112,324_186_184_2_5_S312,186,184,80,2536
1113,704_2_184_6_1_S675,2,184,0,6325
1114,535_156_200_5_9_S514,156,200,0,0
1115,458_186_184_9_7_S441,186,184,0,10
1116,1022_2_186_6_2_S980,2,186,0,14
1117,1104_2_187_6_6_S1055,2,187,0,4
1118,987_187_156_7_4_S945,187,156,1,7
1119,588_4_200_8_3_S563,4,200,1075,0
1120,456_2_184_9_5_S439,2,184,0,5
1121,614_131_187_6_3_S589,131,187,14576,0
1122,801_156_184_9_5_S768,156,184,1,0
1123,771_186_187_9_3_S738,186,187,0,0
1124,1115_186_4_5_9_S1066,186,4,1,20591
